,Longitude,Latitude
0,-159.0,56.0
1,-159.0,59.0
2,-135.0,57.0
3,-128.0,55.0
4,-126.0,55.0
5,-125.0,49.0
6,-125.0,54.0
7,-124.0,45.0
8,-124.0,52.0
9,-124.0,54.0
10,-123.0,38.0
11,-123.0,39.0
12,-123.0,44.0
13,-123.0,45.0
14,-123.0,46.0
15,-123.0,50.0
16,-123.0,53.0
17,-122.0,37.0
18,-122.0,38.0
19,-122.0,39.0
20,-122.0,40.0
21,-122.0,42.0
22,-122.0,56.0
23,-121.0,36.0
24,-121.0,37.0
25,-121.0,38.0
26,-121.0,39.0
27,-121.0,41.0
28,-121.0,43.0
29,-121.0,44.0
30,-121.0,45.0
31,-121.0,46.0
32,-121.0,47.0
33,-121.0,50.0
34,-121.0,52.0
35,-121.0,55.0
36,-121.0,56.0
37,-120.0,36.0
38,-120.0,37.0
39,-120.0,38.0
40,-120.0,42.0
41,-120.0,45.0
42,-120.0,46.0
43,-120.0,47.0
44,-120.0,49.0
45,-120.0,51.0
46,-120.0,56.0
47,-119.0,35.0
48,-119.0,36.0
49,-119.0,39.0
50,-119.0,44.0
51,-119.0,46.0
52,-119.0,47.0
53,-119.0,48.0
54,-119.0,49.0
55,-119.0,50.0
56,-119.0,51.0
57,-119.0,53.0
58,-119.0,55.0
59,-119.0,56.0
60,-118.0,34.0
61,-118.0,35.0
62,-118.0,39.0
63,-118.0,41.0
64,-118.0,42.0
65,-118.0,45.0
66,-118.0,47.0
67,-118.0,48.0
68,-118.0,56.0
69,-117.0,33.0
70,-117.0,34.0
71,-117.0,35.0
72,-117.0,37.0
73,-117.0,38.0
74,-117.0,43.0
75,-117.0,44.0
76,-117.0,45.0
77,-117.0,47.0
78,-117.0,48.0
79,-117.0,55.0
80,-117.0,56.0
81,-116.0,31.0
82,-116.0,32.0
83,-116.0,34.0
84,-116.0,36.0
85,-116.0,41.0
86,-116.0,42.0
87,-116.0,43.0
88,-116.0,45.0
89,-116.0,46.0
90,-116.0,50.0
91,-115.0,31.0
92,-115.0,32.0
93,-115.0,36.0
94,-115.0,39.0
95,-115.0,41.0
96,-115.0,43.0
97,-115.0,52.0
98,-115.0,53.0
99,-115.0,54.0
100,-114.0,27.0
101,-114.0,28.0
102,-114.0,34.0
103,-114.0,35.0
104,-114.0,36.0
105,-114.0,37.0
106,-114.0,43.0
107,-114.0,45.0
108,-114.0,47.0
109,-114.0,50.0
110,-114.0,51.0
111,-114.0,52.0
112,-114.0,54.0
113,-114.0,55.0
114,-113.0,32.0
115,-113.0,33.0
116,-113.0,34.0
117,-113.0,37.0
118,-113.0,38.0
119,-113.0,42.0
120,-113.0,43.0
121,-113.0,46.0
122,-113.0,47.0
123,-113.0,49.0
124,-113.0,50.0
125,-113.0,51.0
126,-113.0,52.0
127,-113.0,53.0
128,-113.0,54.0
129,-112.0,25.0
130,-112.0,26.0
131,-112.0,29.0
132,-112.0,31.0
133,-112.0,32.0
134,-112.0,33.0
135,-112.0,36.0
136,-112.0,37.0
137,-112.0,39.0
138,-112.0,40.0
139,-112.0,41.0
140,-112.0,42.0
141,-112.0,44.0
142,-112.0,48.0
143,-112.0,49.0
144,-112.0,50.0
145,-112.0,51.0
146,-112.0,52.0
147,-112.0,53.0
148,-112.0,54.0
149,-112.0,55.0
150,-111.0,25.0
151,-111.0,28.0
152,-111.0,29.0
153,-111.0,30.0
154,-111.0,32.0
155,-111.0,33.0
156,-111.0,35.0
157,-111.0,36.0
158,-111.0,37.0
159,-111.0,39.0
160,-111.0,41.0
161,-111.0,42.0
162,-111.0,43.0
163,-111.0,45.0
164,-111.0,46.0
165,-111.0,48.0
166,-111.0,49.0
167,-111.0,50.0
168,-111.0,52.0
169,-111.0,53.0
170,-111.0,54.0
171,-111.0,59.0
172,-110.0,23.0
173,-110.0,24.0
174,-110.0,28.0
175,-110.0,29.0
176,-110.0,30.0
177,-110.0,31.0
178,-110.0,33.0
179,-110.0,34.0
180,-110.0,35.0
181,-110.0,36.0
182,-110.0,37.0
183,-110.0,39.0
184,-110.0,40.0
185,-110.0,41.0
186,-110.0,43.0
187,-110.0,46.0
188,-110.0,47.0
189,-110.0,48.0
190,-110.0,50.0
191,-110.0,51.0
192,-110.0,53.0
193,-110.0,54.0
194,-109.0,26.0
195,-109.0,32.0
196,-109.0,33.0
197,-109.0,34.0
198,-109.0,35.0
199,-109.0,36.0
200,-109.0,37.0
201,-109.0,40.0
202,-109.0,43.0
203,-109.0,44.0
204,-109.0,45.0
205,-109.0,46.0
206,-109.0,47.0
207,-109.0,48.0
208,-109.0,50.0
209,-109.0,51.0
210,-109.0,52.0
211,-109.0,53.0
212,-109.0,54.0
213,-108.0,25.0
214,-108.0,26.0
215,-108.0,27.0
216,-108.0,28.0
217,-108.0,30.0
218,-108.0,31.0
219,-108.0,33.0
220,-108.0,34.0
221,-108.0,35.0
222,-108.0,36.0
223,-108.0,37.0
224,-108.0,39.0
225,-108.0,40.0
226,-108.0,44.0
227,-108.0,46.0
228,-108.0,50.0
229,-108.0,51.0
230,-108.0,52.0
231,-108.0,53.0
232,-108.0,54.0
233,-108.0,56.0
234,-107.0,24.0
235,-107.0,26.0
236,-107.0,27.0
237,-107.0,28.0
238,-107.0,29.0
239,-107.0,30.0
240,-107.0,34.0
241,-107.0,35.0
242,-107.0,36.0
243,-107.0,37.0
244,-107.0,39.0
245,-107.0,40.0
246,-107.0,41.0
247,-107.0,45.0
248,-107.0,50.0
249,-107.0,51.0
250,-107.0,52.0
251,-107.0,53.0
252,-107.0,54.0
253,-106.0,23.0
254,-106.0,25.0
255,-106.0,26.0
256,-106.0,28.0
257,-106.0,29.0
258,-106.0,32.0
259,-106.0,33.0
260,-106.0,35.0
261,-106.0,36.0
262,-106.0,37.0
263,-106.0,38.0
264,-106.0,39.0
265,-106.0,40.0
266,-106.0,42.0
267,-106.0,43.0
268,-106.0,48.0
269,-106.0,49.0
270,-106.0,50.0
271,-106.0,51.0
272,-106.0,52.0
273,-106.0,53.0
274,-106.0,55.0
275,-105.0,24.0
276,-105.0,25.0
277,-105.0,26.0
278,-105.0,27.0
279,-105.0,28.0
280,-105.0,29.0
281,-105.0,31.0
282,-105.0,32.0
283,-105.0,35.0
284,-105.0,36.0
285,-105.0,38.0
286,-105.0,39.0
287,-105.0,40.0
288,-105.0,41.0
289,-105.0,42.0
290,-105.0,47.0
291,-105.0,48.0
292,-105.0,50.0
293,-105.0,51.0
294,-105.0,52.0
295,-105.0,53.0
296,-104.0,19.0
297,-104.0,21.0
298,-104.0,22.0
299,-104.0,23.0
300,-104.0,24.0
301,-104.0,25.0
302,-104.0,26.0
303,-104.0,27.0
304,-104.0,28.0
305,-104.0,29.0
306,-104.0,31.0
307,-104.0,33.0
308,-104.0,36.0
309,-104.0,37.0
310,-104.0,38.0
311,-104.0,39.0
312,-104.0,40.0
313,-104.0,41.0
314,-104.0,42.0
315,-104.0,44.0
316,-104.0,47.0
317,-104.0,48.0
318,-104.0,49.0
319,-104.0,50.0
320,-104.0,51.0
321,-104.0,52.0
322,-104.0,53.0
323,-103.0,20.0
324,-103.0,21.0
325,-103.0,22.0
326,-103.0,23.0
327,-103.0,24.0
328,-103.0,25.0
329,-103.0,26.0
330,-103.0,29.0
331,-103.0,31.0
332,-103.0,32.0
333,-103.0,33.0
334,-103.0,38.0
335,-103.0,40.0
336,-103.0,41.0
337,-103.0,42.0
338,-103.0,43.0
339,-103.0,44.0
340,-103.0,46.0
341,-103.0,47.0
342,-103.0,48.0
343,-103.0,49.0
344,-103.0,50.0
345,-103.0,51.0
346,-103.0,52.0
347,-103.0,55.0
348,-103.0,58.0
349,-102.0,18.0
350,-102.0,20.0
351,-102.0,22.0
352,-102.0,23.0
353,-102.0,24.0
354,-102.0,25.0
355,-102.0,26.0
356,-102.0,27.0
357,-102.0,31.0
358,-102.0,32.0
359,-102.0,33.0
360,-102.0,34.0
361,-102.0,35.0
362,-102.0,36.0
363,-102.0,37.0
364,-102.0,38.0
365,-102.0,39.0
366,-102.0,40.0
367,-102.0,41.0
368,-102.0,42.0
369,-102.0,43.0
370,-102.0,44.0
371,-102.0,45.0
372,-102.0,46.0
373,-102.0,47.0
374,-102.0,48.0
375,-102.0,49.0
376,-102.0,50.0
377,-102.0,51.0
378,-102.0,52.0
379,-102.0,55.0
380,-101.0,19.0
381,-101.0,20.0
382,-101.0,21.0
383,-101.0,22.0
384,-101.0,23.0
385,-101.0,24.0
386,-101.0,25.0
387,-101.0,26.0
388,-101.0,27.0
389,-101.0,28.0
390,-101.0,29.0
391,-101.0,31.0
392,-101.0,32.0
393,-101.0,34.0
394,-101.0,35.0
395,-101.0,37.0
396,-101.0,38.0
397,-101.0,39.0
398,-101.0,40.0
399,-101.0,41.0
400,-101.0,42.0
401,-101.0,43.0
402,-101.0,44.0
403,-101.0,45.0
404,-101.0,46.0
405,-101.0,47.0
406,-101.0,48.0
407,-101.0,49.0
408,-101.0,50.0
409,-101.0,51.0
410,-101.0,52.0
411,-101.0,54.0
412,-101.0,55.0
413,-101.0,57.0
414,-100.0,17.0
415,-100.0,18.0
416,-100.0,22.0
417,-100.0,23.0
418,-100.0,24.0
419,-100.0,26.0
420,-100.0,27.0
421,-100.0,28.0
422,-100.0,29.0
423,-100.0,30.0
424,-100.0,31.0
425,-100.0,32.0
426,-100.0,33.0
427,-100.0,34.0
428,-100.0,35.0
429,-100.0,36.0
430,-100.0,37.0
431,-100.0,38.0
432,-100.0,39.0
433,-100.0,40.0
434,-100.0,41.0
435,-100.0,42.0
436,-100.0,44.0
437,-100.0,45.0
438,-100.0,46.0
439,-100.0,47.0
440,-100.0,48.0
441,-100.0,49.0
442,-100.0,50.0
443,-100.0,53.0
444,-99.0,18.0
445,-99.0,19.0
446,-99.0,20.0
447,-99.0,23.0
448,-99.0,24.0
449,-99.0,25.0
450,-99.0,26.0
451,-99.0,29.0
452,-99.0,30.0
453,-99.0,31.0
454,-99.0,32.0
455,-99.0,33.0
456,-99.0,34.0
457,-99.0,35.0
458,-99.0,36.0
459,-99.0,38.0
460,-99.0,39.0
461,-99.0,40.0
462,-99.0,41.0
463,-99.0,43.0
464,-99.0,44.0
465,-99.0,45.0
466,-99.0,46.0
467,-99.0,47.0
468,-99.0,48.0
469,-99.0,49.0
470,-99.0,50.0
471,-99.0,51.0
472,-99.0,56.0
473,-99.0,57.0
474,-98.0,18.0
475,-98.0,19.0
476,-98.0,20.0
477,-98.0,21.0
478,-98.0,22.0
479,-98.0,23.0
480,-98.0,24.0
481,-98.0,25.0
482,-98.0,26.0
483,-98.0,27.0
484,-98.0,28.0
485,-98.0,29.0
486,-98.0,30.0
487,-98.0,31.0
488,-98.0,32.0
489,-98.0,33.0
490,-98.0,34.0
491,-98.0,35.0
492,-98.0,36.0
493,-98.0,37.0
494,-98.0,38.0
495,-98.0,39.0
496,-98.0,40.0
497,-98.0,41.0
498,-98.0,42.0
499,-98.0,43.0
500,-98.0,44.0
501,-98.0,45.0
502,-98.0,46.0
503,-98.0,47.0
504,-98.0,48.0
505,-98.0,49.0
506,-98.0,50.0
507,-98.0,51.0
508,-98.0,54.0
509,-97.0,19.0
510,-97.0,20.0
511,-97.0,29.0
512,-97.0,30.0
513,-97.0,31.0
514,-97.0,32.0
515,-97.0,34.0
516,-97.0,35.0
517,-97.0,36.0
518,-97.0,37.0
519,-97.0,38.0
520,-97.0,39.0
521,-97.0,40.0
522,-97.0,41.0
523,-97.0,42.0
524,-97.0,43.0
525,-97.0,44.0
526,-97.0,45.0
527,-97.0,46.0
528,-97.0,47.0
529,-97.0,48.0
530,-97.0,49.0
531,-97.0,50.0
532,-97.0,51.0
533,-97.0,53.0
534,-96.0,16.0
535,-96.0,18.0
536,-96.0,19.0
537,-96.0,29.0
538,-96.0,30.0
539,-96.0,31.0
540,-96.0,32.0
541,-96.0,33.0
542,-96.0,34.0
543,-96.0,35.0
544,-96.0,36.0
545,-96.0,37.0
546,-96.0,38.0
547,-96.0,39.0
548,-96.0,40.0
549,-96.0,41.0
550,-96.0,42.0
551,-96.0,43.0
552,-96.0,44.0
553,-96.0,45.0
554,-96.0,46.0
555,-96.0,47.0
556,-96.0,48.0
557,-96.0,49.0
558,-96.0,50.0
559,-96.0,56.0
560,-95.0,17.0
561,-95.0,18.0
562,-95.0,30.0
563,-95.0,31.0
564,-95.0,33.0
565,-95.0,34.0
566,-95.0,35.0
567,-95.0,36.0
568,-95.0,37.0
569,-95.0,38.0
570,-95.0,39.0
571,-95.0,40.0
572,-95.0,41.0
573,-95.0,42.0
574,-95.0,43.0
575,-95.0,44.0
576,-95.0,45.0
577,-95.0,46.0
578,-95.0,47.0
579,-95.0,50.0
580,-95.0,54.0
581,-95.0,55.0
582,-94.0,30.0
583,-94.0,32.0
584,-94.0,34.0
585,-94.0,35.0
586,-94.0,36.0
587,-94.0,37.0
588,-94.0,38.0
589,-94.0,39.0
590,-94.0,40.0
591,-94.0,41.0
592,-94.0,42.0
593,-94.0,43.0
594,-94.0,44.0
595,-94.0,45.0
596,-94.0,46.0
597,-94.0,50.0
598,-94.0,55.0
599,-93.0,16.0
600,-93.0,18.0
601,-93.0,30.0
602,-93.0,31.0
603,-93.0,34.0
604,-93.0,36.0
605,-93.0,38.0
606,-93.0,39.0
607,-93.0,40.0
608,-93.0,41.0
609,-93.0,42.0
610,-93.0,43.0
611,-93.0,44.0
612,-93.0,46.0
613,-93.0,47.0
614,-93.0,53.0
615,-92.0,16.0
616,-92.0,18.0
617,-92.0,30.0
618,-92.0,31.0
619,-92.0,35.0
620,-92.0,36.0
621,-92.0,37.0
622,-92.0,38.0
623,-92.0,39.0
624,-92.0,40.0
625,-92.0,41.0
626,-92.0,42.0
627,-92.0,43.0
628,-92.0,44.0
629,-92.0,45.0
630,-92.0,47.0
631,-92.0,50.0
632,-92.0,56.0
633,-91.0,14.0
634,-91.0,15.0
635,-91.0,18.0
636,-91.0,19.0
637,-91.0,31.0
638,-91.0,32.0
639,-91.0,33.0
640,-91.0,34.0
641,-91.0,35.0
642,-91.0,36.0
643,-91.0,39.0
644,-91.0,40.0
645,-91.0,41.0
646,-91.0,42.0
647,-91.0,43.0
648,-91.0,44.0
649,-91.0,45.0
650,-90.0,14.0
651,-90.0,16.0
652,-90.0,17.0
653,-90.0,20.0
654,-90.0,21.0
655,-90.0,30.0
656,-90.0,34.0
657,-90.0,35.0
658,-90.0,36.0
659,-90.0,37.0
660,-90.0,38.0
661,-90.0,39.0
662,-90.0,40.0
663,-90.0,41.0
664,-90.0,42.0
665,-90.0,43.0
666,-90.0,44.0
667,-90.0,45.0
668,-90.0,54.0
669,-89.0,14.0
670,-89.0,15.0
671,-89.0,17.0
672,-89.0,18.0
673,-89.0,20.0
674,-89.0,21.0
675,-89.0,33.0
676,-89.0,34.0
677,-89.0,35.0
678,-89.0,36.0
679,-89.0,37.0
680,-89.0,38.0
681,-89.0,39.0
682,-89.0,40.0
683,-89.0,41.0
684,-89.0,42.0
685,-89.0,43.0
686,-89.0,44.0
687,-89.0,46.0
688,-89.0,47.0
689,-88.0,19.0
690,-88.0,31.0
691,-88.0,35.0
692,-88.0,36.0
693,-88.0,38.0
694,-88.0,39.0
695,-88.0,40.0
696,-88.0,41.0
697,-88.0,45.0
698,-88.0,46.0
699,-88.0,56.0
700,-87.0,13.0
701,-87.0,14.0
702,-87.0,31.0
703,-87.0,33.0
704,-87.0,34.0
705,-87.0,35.0
706,-87.0,38.0
707,-87.0,39.0
708,-87.0,40.0
709,-87.0,41.0
710,-87.0,49.0
711,-87.0,50.0
712,-86.0,12.0
713,-86.0,15.0
714,-86.0,31.0
715,-86.0,36.0
716,-86.0,37.0
717,-86.0,38.0
718,-86.0,39.0
719,-86.0,41.0
720,-86.0,42.0
721,-86.0,43.0
722,-86.0,46.0
723,-86.0,49.0
724,-85.0,10.0
725,-85.0,11.0
726,-85.0,12.0
727,-85.0,13.0
728,-85.0,15.0
729,-85.0,30.0
730,-85.0,31.0
731,-85.0,32.0
732,-85.0,33.0
733,-85.0,34.0
734,-85.0,35.0
735,-85.0,36.0
736,-85.0,37.0
737,-85.0,38.0
738,-85.0,39.0
739,-85.0,40.0
740,-85.0,41.0
741,-85.0,42.0
742,-85.0,43.0
743,-85.0,44.0
744,-85.0,46.0
745,-84.0,10.0
746,-84.0,11.0
747,-84.0,13.0
748,-84.0,15.0
749,-84.0,22.0
750,-84.0,31.0
751,-84.0,32.0
752,-84.0,34.0
753,-84.0,36.0
754,-84.0,37.0
755,-84.0,38.0
756,-84.0,39.0
757,-84.0,40.0
758,-84.0,41.0
759,-84.0,42.0
760,-84.0,43.0
761,-84.0,44.0
762,-84.0,46.0
763,-84.0,47.0
764,-83.0,9.0
765,-83.0,23.0
766,-83.0,30.0
767,-83.0,31.0
768,-83.0,32.0
769,-83.0,33.0
770,-83.0,34.0
771,-83.0,36.0
772,-83.0,39.0
773,-83.0,41.0
774,-83.0,42.0
775,-83.0,43.0
776,-83.0,44.0
777,-82.0,23.0
778,-82.0,27.0
779,-82.0,30.0
780,-82.0,32.0
781,-82.0,33.0
782,-82.0,34.0
783,-82.0,37.0
784,-82.0,39.0
785,-82.0,40.0
786,-82.0,41.0
787,-82.0,43.0
788,-82.0,46.0
789,-81.0,-6.0
790,-81.0,-5.0
791,-81.0,-4.0
792,-81.0,8.0
793,-81.0,23.0
794,-81.0,27.0
795,-81.0,28.0
796,-81.0,29.0
797,-81.0,32.0
798,-81.0,33.0
799,-81.0,35.0
800,-81.0,40.0
801,-81.0,41.0
802,-81.0,43.0
803,-81.0,44.0
804,-81.0,49.0
805,-80.0,-6.0
806,-80.0,-2.0
807,-80.0,-1.0
808,-80.0,9.0
809,-80.0,23.0
810,-80.0,33.0
811,-80.0,34.0
812,-80.0,35.0
813,-80.0,40.0
814,-80.0,41.0
815,-80.0,42.0
816,-80.0,43.0
817,-79.0,-3.0
818,-79.0,0.0
819,-79.0,9.0
820,-79.0,22.0
821,-79.0,34.0
822,-79.0,36.0
823,-79.0,37.0
824,-79.0,38.0
825,-79.0,40.0
826,-79.0,41.0
827,-79.0,44.0
828,-79.0,46.0
829,-79.0,48.0
830,-79.0,54.0
831,-78.0,-10.0
832,-78.0,-8.0
833,-78.0,2.0
834,-78.0,8.0
835,-78.0,21.0
836,-78.0,25.0
837,-78.0,34.0
838,-78.0,35.0
839,-78.0,36.0
840,-78.0,37.0
841,-78.0,38.0
842,-78.0,40.0
843,-78.0,43.0
844,-78.0,44.0
845,-78.0,48.0
846,-77.0,-6.0
847,-77.0,2.0
848,-77.0,5.0
849,-77.0,6.0
850,-77.0,8.0
851,-77.0,21.0
852,-77.0,36.0
853,-77.0,37.0
854,-77.0,38.0
855,-77.0,40.0
856,-77.0,41.0
857,-77.0,42.0
858,-77.0,43.0
859,-77.0,44.0
860,-77.0,45.0
861,-77.0,49.0
862,-76.0,-14.0
863,-76.0,-11.0
864,-76.0,-10.0
865,-76.0,-6.0
866,-76.0,9.0
867,-76.0,21.0
868,-76.0,38.0
869,-76.0,39.0
870,-76.0,40.0
871,-76.0,41.0
872,-76.0,43.0
873,-76.0,44.0
874,-75.0,-15.0
875,-75.0,-13.0
876,-75.0,-11.0
877,-75.0,-9.0
878,-75.0,1.0
879,-75.0,2.0
880,-75.0,4.0
881,-75.0,5.0
882,-75.0,8.0
883,-75.0,9.0
884,-75.0,20.0
885,-75.0,45.0
886,-75.0,50.0
887,-74.0,-16.0
888,-74.0,5.0
889,-74.0,7.0
890,-74.0,8.0
891,-74.0,9.0
892,-74.0,10.0
893,-74.0,42.0
894,-74.0,43.0
895,-73.0,-39.0
896,-73.0,-38.0
897,-73.0,-16.0
898,-73.0,-15.0
899,-73.0,3.0
900,-73.0,4.0
901,-73.0,6.0
902,-73.0,8.0
903,-73.0,45.0
904,-73.0,46.0
905,-72.0,-37.0
906,-72.0,-36.0
907,-72.0,-35.0
908,-72.0,-17.0
909,-72.0,-15.0
910,-72.0,-14.0
911,-72.0,3.0
912,-72.0,4.0
913,-72.0,6.0
914,-72.0,7.0
915,-72.0,9.0
916,-72.0,11.0
917,-72.0,12.0
918,-72.0,19.0
919,-72.0,46.0
920,-72.0,49.0
921,-71.0,-44.0
922,-71.0,-43.0
923,-71.0,-42.0
924,-71.0,-40.0
925,-71.0,-39.0
926,-71.0,-33.0
927,-71.0,-32.0
928,-71.0,-30.0
929,-71.0,-28.0
930,-71.0,-16.0
931,-71.0,-15.0
932,-71.0,-14.0
933,-71.0,-8.0
934,-71.0,5.0
935,-71.0,6.0
936,-71.0,7.0
937,-71.0,8.0
938,-71.0,10.0
939,-71.0,11.0
940,-71.0,47.0
941,-70.0,-44.0
942,-70.0,-42.0
943,-70.0,-41.0
944,-70.0,-40.0
945,-70.0,-39.0
946,-70.0,-38.0
947,-70.0,-37.0
948,-70.0,-27.0
949,-70.0,-26.0
950,-70.0,-24.0
951,-70.0,-23.0
952,-70.0,-22.0
953,-70.0,-21.0
954,-70.0,-20.0
955,-70.0,-19.0
956,-70.0,-18.0
957,-70.0,-17.0
958,-70.0,-16.0
959,-70.0,-15.0
960,-70.0,-14.0
961,-70.0,7.0
962,-70.0,8.0
963,-70.0,11.0
964,-70.0,12.0
965,-70.0,19.0
966,-69.0,-39.0
967,-69.0,-38.0
968,-69.0,-34.0
969,-69.0,-33.0
970,-69.0,-32.0
971,-69.0,-30.0
972,-69.0,-27.0
973,-69.0,-26.0
974,-69.0,-25.0
975,-69.0,-24.0
976,-69.0,-22.0
977,-69.0,-20.0
978,-69.0,-19.0
979,-69.0,-17.0
980,-69.0,-11.0
981,-69.0,-3.0
982,-69.0,7.0
983,-69.0,8.0
984,-69.0,9.0
985,-69.0,10.0
986,-69.0,47.0
987,-69.0,48.0
988,-68.0,-41.0
989,-68.0,-39.0
990,-68.0,-38.0
991,-68.0,-35.0
992,-68.0,-34.0
993,-68.0,-33.0
994,-68.0,-32.0
995,-68.0,-31.0
996,-68.0,-29.0
997,-68.0,-27.0
998,-68.0,-23.0
999,-68.0,-22.0
1000,-68.0,-21.0
1001,-68.0,-19.0
1002,-68.0,-18.0
1003,-68.0,-17.0
1004,-68.0,-10.0
1005,-68.0,5.0
1006,-68.0,6.0
1007,-68.0,7.0
1008,-68.0,8.0
1009,-68.0,9.0
1010,-68.0,10.0
1011,-68.0,46.0
1012,-68.0,47.0
1013,-67.0,-42.0
1014,-67.0,-39.0
1015,-67.0,-36.0
1016,-67.0,-34.0
1017,-67.0,-33.0
1018,-67.0,-32.0
1019,-67.0,-30.0
1020,-67.0,-29.0
1021,-67.0,-27.0
1022,-67.0,-26.0
1023,-67.0,-25.0
1024,-67.0,-22.0
1025,-67.0,-21.0
1026,-67.0,-20.0
1027,-67.0,-18.0
1028,-67.0,-10.0
1029,-67.0,8.0
1030,-67.0,9.0
1031,-67.0,18.0
1032,-67.0,49.0
1033,-67.0,53.0
1034,-67.0,55.0
1035,-66.0,-44.0
1036,-66.0,-43.0
1037,-66.0,-42.0
1038,-66.0,-39.0
1039,-66.0,-38.0
1040,-66.0,-35.0
1041,-66.0,-34.0
1042,-66.0,-33.0
1043,-66.0,-32.0
1044,-66.0,-31.0
1045,-66.0,-29.0
1046,-66.0,-28.0
1047,-66.0,-26.0
1048,-66.0,-25.0
1049,-66.0,-23.0
1050,-66.0,-22.0
1051,-66.0,-19.0
1052,-66.0,-3.0
1053,-66.0,1.0
1054,-66.0,9.0
1055,-66.0,18.0
1056,-66.0,46.0
1057,-66.0,49.0
1058,-65.0,-43.0
1059,-65.0,-36.0
1060,-65.0,-35.0
1061,-65.0,-34.0
1062,-65.0,-33.0
1063,-65.0,-32.0
1064,-65.0,-31.0
1065,-65.0,-29.0
1066,-65.0,-28.0
1067,-65.0,-27.0
1068,-65.0,-26.0
1069,-65.0,-25.0
1070,-65.0,-20.0
1071,-65.0,-17.0
1072,-65.0,-15.0
1073,-65.0,-14.0
1074,-65.0,-12.0
1075,-65.0,8.0
1076,-65.0,9.0
1077,-65.0,10.0
1078,-65.0,45.0
1079,-65.0,47.0
1080,-64.0,-39.0
1081,-64.0,-38.0
1082,-64.0,-37.0
1083,-64.0,-36.0
1084,-64.0,-35.0
1085,-64.0,-34.0
1086,-64.0,-33.0
1087,-64.0,-32.0
1088,-64.0,-31.0
1089,-64.0,-30.0
1090,-64.0,-29.0
1091,-64.0,-28.0
1092,-64.0,-27.0
1093,-64.0,-26.0
1094,-64.0,-25.0
1095,-64.0,-23.0
1096,-64.0,-21.0
1097,-64.0,-20.0
1098,-64.0,-17.0
1099,-64.0,-12.0
1100,-64.0,-10.0
1101,-64.0,3.0
1102,-64.0,8.0
1103,-64.0,9.0
1104,-64.0,11.0
1105,-64.0,46.0
1106,-64.0,47.0
1107,-63.0,-41.0
1108,-63.0,-39.0
1109,-63.0,-38.0
1110,-63.0,-37.0
1111,-63.0,-36.0
1112,-63.0,-35.0
1113,-63.0,-34.0
1114,-63.0,-33.0
1115,-63.0,-32.0
1116,-63.0,-31.0
1117,-63.0,-29.0
1118,-63.0,-28.0
1119,-63.0,-27.0
1120,-63.0,-26.0
1121,-63.0,-22.0
1122,-63.0,-20.0
1123,-63.0,-19.0
1124,-63.0,-18.0
1125,-63.0,-17.0
1126,-63.0,-12.0
1127,-63.0,-11.0
1128,-63.0,-10.0
1129,-63.0,-4.0
1130,-63.0,6.0
1131,-63.0,8.0
1132,-63.0,9.0
1133,-63.0,45.0
1134,-62.0,-38.0
1135,-62.0,-37.0
1136,-62.0,-36.0
1137,-62.0,-35.0
1138,-62.0,-34.0
1139,-62.0,-33.0
1140,-62.0,-32.0
1141,-62.0,-31.0
1142,-62.0,-30.0
1143,-62.0,-29.0
1144,-62.0,-28.0
1145,-62.0,-26.0
1146,-62.0,-24.0
1147,-62.0,-23.0
1148,-62.0,-17.0
1149,-62.0,-16.0
1150,-62.0,-12.0
1151,-62.0,-11.0
1152,-62.0,-9.0
1153,-62.0,8.0
1154,-62.0,45.0
1155,-61.0,-37.0
1156,-61.0,-36.0
1157,-61.0,-35.0
1158,-61.0,-34.0
1159,-61.0,-33.0
1160,-61.0,-32.0
1161,-61.0,-31.0
1162,-61.0,-30.0
1163,-61.0,-28.0
1164,-61.0,-27.0
1165,-61.0,-26.0
1166,-61.0,-23.0
1167,-61.0,-20.0
1168,-61.0,-13.0
1169,-61.0,3.0
1170,-61.0,4.0
1171,-61.0,5.0
1172,-61.0,9.0
1173,-61.0,14.0
1174,-60.0,-38.0
1175,-60.0,-37.0
1176,-60.0,-36.0
1177,-60.0,-35.0
1178,-60.0,-34.0
1179,-60.0,-33.0
1180,-60.0,-32.0
1181,-60.0,-30.0
1182,-60.0,-29.0
1183,-60.0,-28.0
1184,-60.0,-27.0
1185,-60.0,-26.0
1186,-60.0,-25.0
1187,-60.0,-22.0
1188,-60.0,-18.0
1189,-60.0,-16.0
1190,-60.0,-15.0
1191,-60.0,-14.0
1192,-60.0,-4.0
1193,-60.0,2.0
1194,-60.0,3.0
1195,-60.0,4.0
1196,-60.0,55.0
1197,-59.0,-38.0
1198,-59.0,-37.0
1199,-59.0,-36.0
1200,-59.0,-35.0
1201,-59.0,-34.0
1202,-59.0,-33.0
1203,-59.0,-32.0
1204,-59.0,-31.0
1205,-59.0,-30.0
1206,-59.0,-29.0
1207,-59.0,-28.0
1208,-59.0,-27.0
1209,-59.0,-26.0
1210,-59.0,-25.0
1211,-59.0,-22.0
1212,-59.0,-20.0
1213,-59.0,-16.0
1214,-59.0,-13.0
1215,-59.0,-11.0
1216,-59.0,48.0
1217,-59.0,55.0
1218,-58.0,-38.0
1219,-58.0,-37.0
1220,-58.0,-36.0
1221,-58.0,-35.0
1222,-58.0,-34.0
1223,-58.0,-33.0
1224,-58.0,-32.0
1225,-58.0,-31.0
1226,-58.0,-30.0
1227,-58.0,-29.0
1228,-58.0,-28.0
1229,-58.0,-27.0
1230,-58.0,-26.0
1231,-58.0,-25.0
1232,-58.0,-24.0
1233,-58.0,-21.0
1234,-58.0,-20.0
1235,-58.0,-19.0
1236,-58.0,-16.0
1237,-58.0,-15.0
1238,-58.0,-14.0
1239,-58.0,-13.0
1240,-58.0,-12.0
1241,-58.0,-10.0
1242,-58.0,-3.0
1243,-57.0,-37.0
1244,-57.0,-34.0
1245,-57.0,-33.0
1246,-57.0,-32.0
1247,-57.0,-31.0
1248,-57.0,-30.0
1249,-57.0,-27.0
1250,-57.0,-26.0
1251,-57.0,-25.0
1252,-57.0,-24.0
1253,-57.0,-23.0
1254,-57.0,-22.0
1255,-57.0,-20.0
1256,-57.0,-16.0
1257,-57.0,-14.0
1258,-57.0,-11.0
1259,-57.0,49.0
1260,-57.0,50.0
1261,-57.0,51.0
1262,-56.0,-34.0
1263,-56.0,-33.0
1264,-56.0,-32.0
1265,-56.0,-31.0
1266,-56.0,-30.0
1267,-56.0,-29.0
1268,-56.0,-28.0
1269,-56.0,-27.0
1270,-56.0,-26.0
1271,-56.0,-25.0
1272,-56.0,-24.0
1273,-56.0,-23.0
1274,-56.0,-22.0
1275,-56.0,-21.0
1276,-56.0,-20.0
1277,-56.0,-14.0
1278,-56.0,-13.0
1279,-56.0,-12.0
1280,-56.0,-10.0
1281,-56.0,-4.0
1282,-56.0,-2.0
1283,-56.0,2.0
1284,-56.0,48.0
1285,-56.0,49.0
1286,-56.0,50.0
1287,-56.0,51.0
1288,-55.0,-34.0
1289,-55.0,-33.0
1290,-55.0,-32.0
1291,-55.0,-31.0
1292,-55.0,-30.0
1293,-55.0,-29.0
1294,-55.0,-28.0
1295,-55.0,-27.0
1296,-55.0,-26.0
1297,-55.0,-25.0
1298,-55.0,-24.0
1299,-55.0,-23.0
1300,-55.0,-22.0
1301,-55.0,-21.0
1302,-55.0,-20.0
1303,-55.0,-19.0
1304,-55.0,-18.0
1305,-55.0,-17.0
1306,-55.0,-16.0
1307,-55.0,-15.0
1308,-55.0,-13.0
1309,-55.0,-10.0
1310,-55.0,-2.0
1311,-55.0,5.0
1312,-55.0,6.0
1313,-55.0,49.0
1314,-54.0,-34.0
1315,-54.0,-33.0
1316,-54.0,-32.0
1317,-54.0,-31.0
1318,-54.0,-30.0
1319,-54.0,-29.0
1320,-54.0,-28.0
1321,-54.0,-25.0
1322,-54.0,-24.0
1323,-54.0,-23.0
1324,-54.0,-22.0
1325,-54.0,-19.0
1326,-54.0,-17.0
1327,-54.0,-16.0
1328,-54.0,-15.0
1329,-54.0,-13.0
1330,-54.0,-4.0
1331,-54.0,47.0
1332,-54.0,48.0
1333,-53.0,-33.0
1334,-53.0,-32.0
1335,-53.0,-31.0
1336,-53.0,-30.0
1337,-53.0,-29.0
1338,-53.0,-28.0
1339,-53.0,-27.0
1340,-53.0,-26.0
1341,-53.0,-25.0
1342,-53.0,-24.0
1343,-53.0,-23.0
1344,-53.0,-22.0
1345,-53.0,-19.0
1346,-53.0,-18.0
1347,-53.0,-17.0
1348,-53.0,-16.0
1349,-53.0,-15.0
1350,-53.0,-14.0
1351,-53.0,-2.0
1352,-53.0,48.0
1353,-52.0,-32.0
1354,-52.0,-31.0
1355,-52.0,-30.0
1356,-52.0,-29.0
1357,-52.0,-28.0
1358,-52.0,-25.0
1359,-52.0,-24.0
1360,-52.0,-23.0
1361,-52.0,-22.0
1362,-52.0,-21.0
1363,-52.0,-20.0
1364,-52.0,-19.0
1365,-52.0,-18.0
1366,-52.0,-17.0
1367,-52.0,-16.0
1368,-52.0,-15.0
1369,-52.0,-14.0
1370,-52.0,-13.0
1371,-52.0,-12.0
1372,-52.0,-11.0
1373,-52.0,-10.0
1374,-52.0,-7.0
1375,-52.0,-3.0
1376,-52.0,-1.0
1377,-51.0,-30.0
1378,-51.0,-29.0
1379,-51.0,-27.0
1380,-51.0,-25.0
1381,-51.0,-24.0
1382,-51.0,-23.0
1383,-51.0,-22.0
1384,-51.0,-21.0
1385,-51.0,-20.0
1386,-51.0,-19.0
1387,-51.0,-18.0
1388,-51.0,-17.0
1389,-51.0,-16.0
1390,-51.0,-15.0
1391,-51.0,-10.0
1392,-51.0,-9.0
1393,-51.0,-8.0
1394,-51.0,1.0
1395,-50.0,-29.0
1396,-50.0,-28.0
1397,-50.0,-27.0
1398,-50.0,-26.0
1399,-50.0,-25.0
1400,-50.0,-24.0
1401,-50.0,-23.0
1402,-50.0,-22.0
1403,-50.0,-21.0
1404,-50.0,-20.0
1405,-50.0,-19.0
1406,-50.0,-18.0
1407,-50.0,-17.0
1408,-50.0,-16.0
1409,-50.0,-15.0
1410,-50.0,-14.0
1411,-50.0,-13.0
1412,-50.0,-12.0
1413,-50.0,-11.0
1414,-50.0,-10.0
1415,-50.0,-9.0
1416,-50.0,-8.0
1417,-50.0,-7.0
1418,-50.0,-5.0
1419,-50.0,0.0
1420,-49.0,-23.0
1421,-49.0,-22.0
1422,-49.0,-21.0
1423,-49.0,-20.0
1424,-49.0,-19.0
1425,-49.0,-18.0
1426,-49.0,-17.0
1427,-49.0,-16.0
1428,-49.0,-15.0
1429,-49.0,-14.0
1430,-49.0,-13.0
1431,-49.0,-12.0
1432,-49.0,-11.0
1433,-49.0,-10.0
1434,-49.0,-9.0
1435,-49.0,-8.0
1436,-49.0,-6.0
1437,-49.0,-3.0
1438,-49.0,-1.0
1439,-48.0,-25.0
1440,-48.0,-24.0
1441,-48.0,-23.0
1442,-48.0,-22.0
1443,-48.0,-21.0
1444,-48.0,-20.0
1445,-48.0,-19.0
1446,-48.0,-18.0
1447,-48.0,-17.0
1448,-48.0,-15.0
1449,-48.0,-14.0
1450,-48.0,-12.0
1451,-48.0,-11.0
1452,-48.0,-10.0
1453,-48.0,-9.0
1454,-48.0,-8.0
1455,-48.0,-7.0
1456,-48.0,-6.0
1457,-48.0,-5.0
1458,-48.0,-4.0
1459,-48.0,-2.0
1460,-48.0,-1.0
1461,-47.0,-23.0
1462,-47.0,-22.0
1463,-47.0,-21.0
1464,-47.0,-20.0
1465,-47.0,-19.0
1466,-47.0,-18.0
1467,-47.0,-17.0
1468,-47.0,-16.0
1469,-47.0,-15.0
1470,-47.0,-14.0
1471,-47.0,-13.0
1472,-47.0,-12.0
1473,-47.0,-9.0
1474,-47.0,-8.0
1475,-47.0,-7.0
1476,-47.0,-6.0
1477,-47.0,-5.0
1478,-47.0,-4.0
1479,-47.0,-3.0
1480,-47.0,-2.0
1481,-47.0,-1.0
1482,-46.0,-22.0
1483,-46.0,-21.0
1484,-46.0,-20.0
1485,-46.0,-19.0
1486,-46.0,-18.0
1487,-46.0,-17.0
1488,-46.0,-16.0
1489,-46.0,-15.0
1490,-46.0,-14.0
1491,-46.0,-13.0
1492,-46.0,-12.0
1493,-46.0,-10.0
1494,-46.0,-9.0
1495,-46.0,-8.0
1496,-46.0,-7.0
1497,-46.0,-6.0
1498,-46.0,-5.0
1499,-46.0,-4.0
1500,-46.0,-2.0
1501,-45.0,-23.0
1502,-45.0,-22.0
1503,-45.0,-21.0
1504,-45.0,-20.0
1505,-45.0,-19.0
1506,-45.0,-18.0
1507,-45.0,-17.0
1508,-45.0,-16.0
1509,-45.0,-12.0
1510,-45.0,-11.0
1511,-45.0,-10.0
1512,-45.0,-8.0
1513,-45.0,-7.0
1514,-45.0,-6.0
1515,-45.0,-5.0
1516,-45.0,-4.0
1517,-45.0,-3.0
1518,-44.0,-21.0
1519,-44.0,-20.0
1520,-44.0,-19.0
1521,-44.0,-18.0
1522,-44.0,-17.0
1523,-44.0,-16.0
1524,-44.0,-15.0
1525,-44.0,-14.0
1526,-44.0,-13.0
1527,-44.0,-12.0
1528,-44.0,-11.0
1529,-44.0,-10.0
1530,-44.0,-9.0
1531,-44.0,-8.0
1532,-44.0,-7.0
1533,-44.0,-6.0
1534,-44.0,-5.0
1535,-44.0,-3.0
1536,-43.0,-22.0
1537,-43.0,-21.0
1538,-43.0,-20.0
1539,-43.0,-19.0
1540,-43.0,-18.0
1541,-43.0,-16.0
1542,-43.0,-15.0
1543,-43.0,-14.0
1544,-43.0,-13.0
1545,-43.0,-12.0
1546,-43.0,-11.0
1547,-43.0,-10.0
1548,-43.0,-9.0
1549,-43.0,-8.0
1550,-43.0,-7.0
1551,-43.0,-6.0
1552,-43.0,-5.0
1553,-43.0,-4.0
1554,-43.0,-3.0
1555,-42.0,-21.0
1556,-42.0,-20.0
1557,-42.0,-19.0
1558,-42.0,-18.0
1559,-42.0,-17.0
1560,-42.0,-16.0
1561,-42.0,-15.0
1562,-42.0,-14.0
1563,-42.0,-13.0
1564,-42.0,-12.0
1565,-42.0,-11.0
1566,-42.0,-10.0
1567,-42.0,-9.0
1568,-42.0,-8.0
1569,-42.0,-7.0
1570,-42.0,-6.0
1571,-42.0,-5.0
1572,-42.0,-4.0
1573,-42.0,-3.0
1574,-41.0,-22.0
1575,-41.0,-21.0
1576,-41.0,-20.0
1577,-41.0,-18.0
1578,-41.0,-17.0
1579,-41.0,-16.0
1580,-41.0,-15.0
1581,-41.0,-14.0
1582,-41.0,-13.0
1583,-41.0,-12.0
1584,-41.0,-11.0
1585,-41.0,-10.0
1586,-41.0,-9.0
1587,-41.0,-8.0
1588,-41.0,-7.0
1589,-41.0,-6.0
1590,-41.0,-5.0
1591,-41.0,-4.0
1592,-41.0,-3.0
1593,-40.0,-18.0
1594,-40.0,-17.0
1595,-40.0,-16.0
1596,-40.0,-15.0
1597,-40.0,-14.0
1598,-40.0,-13.0
1599,-40.0,-12.0
1600,-40.0,-11.0
1601,-40.0,-10.0
1602,-40.0,-9.0
1603,-40.0,-8.0
1604,-40.0,-7.0
1605,-40.0,-6.0
1606,-40.0,-5.0
1607,-40.0,-4.0
1608,-40.0,-3.0
1609,-39.0,-16.0
1610,-39.0,-15.0
1611,-39.0,-14.0
1612,-39.0,-13.0
1613,-39.0,-12.0
1614,-39.0,-11.0
1615,-39.0,-10.0
1616,-39.0,-9.0
1617,-39.0,-8.0
1618,-39.0,-7.0
1619,-39.0,-6.0
1620,-39.0,-5.0
1621,-39.0,-4.0
1622,-38.0,-12.0
1623,-38.0,-11.0
1624,-38.0,-10.0
1625,-38.0,-9.0
1626,-38.0,-8.0
1627,-38.0,-7.0
1628,-38.0,-6.0
1629,-38.0,-5.0
1630,-37.0,-10.0
1631,-37.0,-9.0
1632,-37.0,-8.0
1633,-37.0,-7.0
1634,-37.0,-6.0
1635,-37.0,-5.0
1636,-36.0,-9.0
1637,-36.0,-8.0
1638,-36.0,-7.0
1639,-36.0,-6.0
1640,-35.0,-8.0
1641,-35.0,-7.0
1642,-17.0,15.0
1643,-16.0,12.0
1644,-16.0,13.0
1645,-16.0,14.0
1646,-16.0,15.0
1647,-16.0,17.0
1648,-16.0,18.0
1649,-16.0,19.0
1650,-15.0,11.0
1651,-15.0,12.0
1652,-15.0,13.0
1653,-15.0,14.0
1654,-15.0,15.0
1655,-15.0,17.0
1656,-14.0,10.0
1657,-14.0,11.0
1658,-14.0,12.0
1659,-14.0,13.0
1660,-14.0,14.0
1661,-14.0,16.0
1662,-14.0,17.0
1663,-13.0,9.0
1664,-13.0,10.0
1665,-13.0,12.0
1666,-13.0,13.0
1667,-13.0,14.0
1668,-13.0,15.0
1669,-13.0,16.0
1670,-13.0,17.0
1671,-13.0,20.0
1672,-13.0,27.0
1673,-12.0,8.0
1674,-12.0,9.0
1675,-12.0,10.0
1676,-12.0,11.0
1677,-12.0,12.0
1678,-12.0,13.0
1679,-12.0,15.0
1680,-12.0,16.0
1681,-12.0,17.0
1682,-12.0,18.0
1683,-12.0,28.0
1684,-11.0,7.0
1685,-11.0,8.0
1686,-11.0,9.0
1687,-11.0,10.0
1688,-11.0,11.0
1689,-11.0,12.0
1690,-11.0,13.0
1691,-11.0,14.0
1692,-11.0,15.0
1693,-11.0,16.0
1694,-11.0,28.0
1695,-10.0,6.0
1696,-10.0,7.0
1697,-10.0,8.0
1698,-10.0,9.0
1699,-10.0,10.0
1700,-10.0,11.0
1701,-10.0,12.0
1702,-10.0,13.0
1703,-10.0,14.0
1704,-10.0,15.0
1705,-10.0,16.0
1706,-10.0,17.0
1707,-10.0,29.0
1708,-10.0,52.0
1709,-10.0,54.0
1710,-9.0,5.0
1711,-9.0,6.0
1712,-9.0,7.0
1713,-9.0,8.0
1714,-9.0,9.0
1715,-9.0,10.0
1716,-9.0,11.0
1717,-9.0,12.0
1718,-9.0,13.0
1719,-9.0,15.0
1720,-9.0,16.0
1721,-9.0,29.0
1722,-9.0,30.0
1723,-9.0,31.0
1724,-9.0,32.0
1725,-9.0,39.0
1726,-9.0,43.0
1727,-9.0,52.0
1728,-9.0,53.0
1729,-9.0,54.0
1730,-8.0,5.0
1731,-8.0,6.0
1732,-8.0,7.0
1733,-8.0,8.0
1734,-8.0,9.0
1735,-8.0,10.0
1736,-8.0,11.0
1737,-8.0,12.0
1738,-8.0,13.0
1739,-8.0,14.0
1740,-8.0,15.0
1741,-8.0,16.0
1742,-8.0,30.0
1743,-8.0,32.0
1744,-8.0,33.0
1745,-8.0,38.0
1746,-8.0,39.0
1747,-8.0,40.0
1748,-8.0,41.0
1749,-8.0,42.0
1750,-8.0,43.0
1751,-8.0,54.0
1752,-8.0,55.0
1753,-7.0,5.0
1754,-7.0,7.0
1755,-7.0,8.0
1756,-7.0,9.0
1757,-7.0,10.0
1758,-7.0,11.0
1759,-7.0,12.0
1760,-7.0,13.0
1761,-7.0,14.0
1762,-7.0,15.0
1763,-7.0,16.0
1764,-7.0,30.0
1765,-7.0,31.0
1766,-7.0,32.0
1767,-7.0,33.0
1768,-7.0,38.0
1769,-7.0,39.0
1770,-7.0,40.0
1771,-7.0,41.0
1772,-7.0,42.0
1773,-7.0,43.0
1774,-7.0,53.0
1775,-7.0,54.0
1776,-7.0,55.0
1777,-6.0,5.0
1778,-6.0,6.0
1779,-6.0,7.0
1780,-6.0,8.0
1781,-6.0,9.0
1782,-6.0,10.0
1783,-6.0,11.0
1784,-6.0,12.0
1785,-6.0,13.0
1786,-6.0,14.0
1787,-6.0,15.0
1788,-6.0,16.0
1789,-6.0,30.0
1790,-6.0,32.0
1791,-6.0,33.0
1792,-6.0,34.0
1793,-6.0,35.0
1794,-6.0,37.0
1795,-6.0,38.0
1796,-6.0,39.0
1797,-6.0,40.0
1798,-6.0,41.0
1799,-6.0,42.0
1800,-6.0,43.0
1801,-6.0,55.0
1802,-6.0,56.0
1803,-5.0,6.0
1804,-5.0,7.0
1805,-5.0,8.0
1806,-5.0,9.0
1807,-5.0,10.0
1808,-5.0,11.0
1809,-5.0,12.0
1810,-5.0,13.0
1811,-5.0,14.0
1812,-5.0,15.0
1813,-5.0,31.0
1814,-5.0,32.0
1815,-5.0,33.0
1816,-5.0,35.0
1817,-5.0,37.0
1818,-5.0,38.0
1819,-5.0,39.0
1820,-5.0,40.0
1821,-5.0,41.0
1822,-5.0,42.0
1823,-5.0,43.0
1824,-5.0,52.0
1825,-5.0,57.0
1826,-5.0,58.0
1827,-4.0,6.0
1828,-4.0,7.0
1829,-4.0,8.0
1830,-4.0,9.0
1831,-4.0,10.0
1832,-4.0,11.0
1833,-4.0,12.0
1834,-4.0,13.0
1835,-4.0,14.0
1836,-4.0,15.0
1837,-4.0,16.0
1838,-4.0,24.0
1839,-4.0,31.0
1840,-4.0,32.0
1841,-4.0,33.0
1842,-4.0,34.0
1843,-4.0,35.0
1844,-4.0,37.0
1845,-4.0,38.0
1846,-4.0,39.0
1847,-4.0,40.0
1848,-4.0,41.0
1849,-4.0,42.0
1850,-4.0,43.0
1851,-4.0,48.0
1852,-4.0,51.0
1853,-4.0,52.0
1854,-4.0,53.0
1855,-4.0,55.0
1856,-4.0,56.0
1857,-4.0,57.0
1858,-3.0,6.0
1859,-3.0,7.0
1860,-3.0,8.0
1861,-3.0,9.0
1862,-3.0,10.0
1863,-3.0,11.0
1864,-3.0,12.0
1865,-3.0,13.0
1866,-3.0,14.0
1867,-3.0,15.0
1868,-3.0,16.0
1869,-3.0,17.0
1870,-3.0,31.0
1871,-3.0,32.0
1872,-3.0,35.0
1873,-3.0,37.0
1874,-3.0,39.0
1875,-3.0,40.0
1876,-3.0,41.0
1877,-3.0,43.0
1878,-3.0,48.0
1879,-3.0,51.0
1880,-3.0,52.0
1881,-3.0,53.0
1882,-3.0,55.0
1883,-3.0,59.0
1884,-2.0,5.0
1885,-2.0,6.0
1886,-2.0,7.0
1887,-2.0,8.0
1888,-2.0,9.0
1889,-2.0,10.0
1890,-2.0,11.0
1891,-2.0,12.0
1892,-2.0,13.0
1893,-2.0,14.0
1894,-2.0,15.0
1895,-2.0,17.0
1896,-2.0,30.0
1897,-2.0,31.0
1898,-2.0,32.0
1899,-2.0,33.0
1900,-2.0,34.0
1901,-2.0,35.0
1902,-2.0,37.0
1903,-2.0,38.0
1904,-2.0,39.0
1905,-2.0,40.0
1906,-2.0,41.0
1907,-2.0,42.0
1908,-2.0,47.0
1909,-2.0,48.0
1910,-2.0,51.0
1911,-2.0,52.0
1912,-2.0,53.0
1913,-2.0,54.0
1914,-2.0,55.0
1915,-1.0,6.0
1916,-1.0,7.0
1917,-1.0,8.0
1918,-1.0,9.0
1919,-1.0,10.0
1920,-1.0,11.0
1921,-1.0,12.0
1922,-1.0,13.0
1923,-1.0,14.0
1924,-1.0,17.0
1925,-1.0,18.0
1926,-1.0,19.0
1927,-1.0,29.0
1928,-1.0,32.0
1929,-1.0,33.0
1930,-1.0,34.0
1931,-1.0,35.0
1932,-1.0,38.0
1933,-1.0,39.0
1934,-1.0,40.0
1935,-1.0,41.0
1936,-1.0,42.0
1937,-1.0,44.0
1938,-1.0,46.0
1939,-1.0,47.0
1940,-1.0,48.0
1941,-1.0,49.0
1942,-1.0,51.0
1943,-1.0,52.0
1944,-1.0,53.0
1945,-1.0,54.0
1946,0.0,6.0
1947,0.0,7.0
1948,0.0,8.0
1949,0.0,9.0
1950,0.0,10.0
1951,0.0,11.0
1952,0.0,12.0
1953,0.0,13.0
1954,0.0,14.0
1955,0.0,15.0
1956,0.0,16.0
1957,0.0,27.0
1958,0.0,28.0
1959,0.0,29.0
1960,0.0,33.0
1961,0.0,34.0
1962,0.0,35.0
1963,0.0,40.0
1964,0.0,41.0
1965,0.0,42.0
1966,0.0,44.0
1967,0.0,45.0
1968,0.0,46.0
1969,0.0,47.0
1970,0.0,48.0
1971,0.0,49.0
1972,0.0,51.0
1973,0.0,52.0
1974,0.0,53.0
1975,1.0,6.0
1976,1.0,7.0
1977,1.0,8.0
1978,1.0,9.0
1979,1.0,10.0
1980,1.0,11.0
1981,1.0,12.0
1982,1.0,13.0
1983,1.0,14.0
1984,1.0,15.0
1985,1.0,16.0
1986,1.0,20.0
1987,1.0,33.0
1988,1.0,34.0
1989,1.0,35.0
1990,1.0,36.0
1991,1.0,42.0
1992,1.0,44.0
1993,1.0,45.0
1994,1.0,47.0
1995,1.0,48.0
1996,1.0,49.0
1997,1.0,52.0
1998,2.0,7.0
1999,2.0,8.0
2000,2.0,9.0
2001,2.0,10.0
2002,2.0,11.0
2003,2.0,12.0
2004,2.0,13.0
2005,2.0,14.0
2006,2.0,15.0
2007,2.0,16.0
2008,2.0,27.0
2009,2.0,34.0
2010,2.0,36.0
2011,2.0,42.0
2012,2.0,43.0
2013,2.0,44.0
2014,2.0,45.0
2015,2.0,46.0
2016,2.0,47.0
2017,2.0,49.0
2018,2.0,50.0
2019,2.0,51.0
2020,3.0,7.0
2021,3.0,8.0
2022,3.0,9.0
2023,3.0,10.0
2024,3.0,11.0
2025,3.0,12.0
2026,3.0,13.0
2027,3.0,14.0
2028,3.0,15.0
2029,3.0,33.0
2030,3.0,34.0
2031,3.0,35.0
2032,3.0,36.0
2033,3.0,42.0
2034,3.0,43.0
2035,3.0,45.0
2036,3.0,46.0
2037,3.0,47.0
2038,3.0,48.0
2039,3.0,49.0
2040,3.0,50.0
2041,3.0,51.0
2042,4.0,7.0
2043,4.0,8.0
2044,4.0,9.0
2045,4.0,10.0
2046,4.0,11.0
2047,4.0,12.0
2048,4.0,13.0
2049,4.0,14.0
2050,4.0,15.0
2051,4.0,32.0
2052,4.0,33.0
2053,4.0,35.0
2054,4.0,36.0
2055,4.0,40.0
2056,4.0,44.0
2057,4.0,45.0
2058,4.0,46.0
2059,4.0,48.0
2060,4.0,49.0
2061,4.0,50.0
2062,4.0,51.0
2063,5.0,6.0
2064,5.0,7.0
2065,5.0,8.0
2066,5.0,9.0
2067,5.0,10.0
2068,5.0,11.0
2069,5.0,12.0
2070,5.0,13.0
2071,5.0,14.0
2072,5.0,15.0
2073,5.0,23.0
2074,5.0,24.0
2075,5.0,32.0
2076,5.0,34.0
2077,5.0,35.0
2078,5.0,36.0
2079,5.0,44.0
2080,5.0,45.0
2081,5.0,46.0
2082,5.0,47.0
2083,5.0,49.0
2084,5.0,51.0
2085,5.0,52.0
2086,6.0,5.0
2087,6.0,6.0
2088,6.0,7.0
2089,6.0,8.0
2090,6.0,9.0
2091,6.0,10.0
2092,6.0,11.0
2093,6.0,12.0
2094,6.0,13.0
2095,6.0,14.0
2096,6.0,15.0
2097,6.0,24.0
2098,6.0,31.0
2099,6.0,32.0
2100,6.0,33.0
2101,6.0,34.0
2102,6.0,35.0
2103,6.0,36.0
2104,6.0,44.0
2105,6.0,46.0
2106,6.0,49.0
2107,6.0,50.0
2108,6.0,51.0
2109,6.0,52.0
2110,6.0,53.0
2111,7.0,5.0
2112,7.0,6.0
2113,7.0,7.0
2114,7.0,8.0
2115,7.0,9.0
2116,7.0,10.0
2117,7.0,11.0
2118,7.0,12.0
2119,7.0,13.0
2120,7.0,14.0
2121,7.0,15.0
2122,7.0,17.0
2123,7.0,20.0
2124,7.0,28.0
2125,7.0,36.0
2126,7.0,47.0
2127,7.0,49.0
2128,7.0,50.0
2129,7.0,51.0
2130,7.0,52.0
2131,7.0,53.0
2132,7.0,58.0
2133,8.0,5.0
2134,8.0,6.0
2135,8.0,7.0
2136,8.0,8.0
2137,8.0,9.0
2138,8.0,10.0
2139,8.0,11.0
2140,8.0,12.0
2141,8.0,13.0
2142,8.0,14.0
2143,8.0,15.0
2144,8.0,17.0
2145,8.0,18.0
2146,8.0,19.0
2147,8.0,34.0
2148,8.0,35.0
2149,8.0,36.0
2150,8.0,44.0
2151,8.0,45.0
2152,8.0,49.0
2153,8.0,52.0
2154,8.0,53.0
2155,8.0,59.0
2156,9.0,5.0
2157,9.0,6.0
2158,9.0,7.0
2159,9.0,8.0
2160,9.0,9.0
2161,9.0,10.0
2162,9.0,11.0
2163,9.0,12.0
2164,9.0,13.0
2165,9.0,14.0
2166,9.0,15.0
2167,9.0,34.0
2168,9.0,35.0
2169,9.0,36.0
2170,9.0,37.0
2171,9.0,39.0
2172,9.0,40.0
2173,9.0,41.0
2174,9.0,42.0
2175,9.0,48.0
2176,9.0,49.0
2177,9.0,52.0
2178,9.0,53.0
2179,9.0,54.0
2180,9.0,55.0
2181,9.0,56.0
2182,10.0,-1.0
2183,10.0,0.0
2184,10.0,1.0
2185,10.0,2.0
2186,10.0,3.0
2187,10.0,4.0
2188,10.0,5.0
2189,10.0,6.0
2190,10.0,8.0
2191,10.0,9.0
2192,10.0,10.0
2193,10.0,11.0
2194,10.0,12.0
2195,10.0,13.0
2196,10.0,14.0
2197,10.0,15.0
2198,10.0,25.0
2199,10.0,28.0
2200,10.0,34.0
2201,10.0,35.0
2202,10.0,36.0
2203,10.0,37.0
2204,10.0,45.0
2205,10.0,48.0
2206,10.0,50.0
2207,10.0,51.0
2208,10.0,52.0
2209,10.0,56.0
2210,10.0,57.0
2211,10.0,59.0
2212,11.0,-3.0
2213,11.0,-2.0
2214,11.0,0.0
2215,11.0,1.0
2216,11.0,4.0
2217,11.0,5.0
2218,11.0,6.0
2219,11.0,7.0
2220,11.0,8.0
2221,11.0,9.0
2222,11.0,10.0
2223,11.0,11.0
2224,11.0,12.0
2225,11.0,13.0
2226,11.0,14.0
2227,11.0,32.0
2228,11.0,33.0
2229,11.0,37.0
2230,11.0,43.0
2231,11.0,45.0
2232,11.0,48.0
2233,11.0,49.0
2234,11.0,50.0
2235,11.0,52.0
2236,11.0,53.0
2237,11.0,54.0
2238,12.0,-16.0
2239,12.0,-3.0
2240,12.0,-2.0
2241,12.0,0.0
2242,12.0,2.0
2243,12.0,5.0
2244,12.0,7.0
2245,12.0,8.0
2246,12.0,9.0
2247,12.0,10.0
2248,12.0,11.0
2249,12.0,12.0
2250,12.0,13.0
2251,12.0,14.0
2252,12.0,32.0
2253,12.0,42.0
2254,12.0,43.0
2255,12.0,44.0
2256,12.0,45.0
2257,12.0,48.0
2258,12.0,51.0
2259,12.0,52.0
2260,12.0,53.0
2261,12.0,54.0
2262,12.0,55.0
2263,13.0,-15.0
2264,13.0,-14.0
2265,13.0,-13.0
2266,13.0,-7.0
2267,13.0,-6.0
2268,13.0,-4.0
2269,13.0,-3.0
2270,13.0,1.0
2271,13.0,2.0
2272,13.0,5.0
2273,13.0,7.0
2274,13.0,8.0
2275,13.0,9.0
2276,13.0,10.0
2277,13.0,11.0
2278,13.0,12.0
2279,13.0,13.0
2280,13.0,14.0
2281,13.0,19.0
2282,13.0,26.0
2283,13.0,32.0
2284,13.0,38.0
2285,13.0,42.0
2286,13.0,46.0
2287,13.0,48.0
2288,13.0,50.0
2289,13.0,51.0
2290,13.0,52.0
2291,13.0,53.0
2292,13.0,56.0
2293,13.0,57.0
2294,14.0,-20.0
2295,14.0,-18.0
2296,14.0,-17.0
2297,14.0,-16.0
2298,14.0,-15.0
2299,14.0,-14.0
2300,14.0,-13.0
2301,14.0,-12.0
2302,14.0,-11.0
2303,14.0,-10.0
2304,14.0,-9.0
2305,14.0,-7.0
2306,14.0,-6.0
2307,14.0,-5.0
2308,14.0,-4.0
2309,14.0,1.0
2310,14.0,4.0
2311,14.0,5.0
2312,14.0,6.0
2313,14.0,7.0
2314,14.0,8.0
2315,14.0,9.0
2316,14.0,10.0
2317,14.0,11.0
2318,14.0,12.0
2319,14.0,13.0
2320,14.0,14.0
2321,14.0,26.0
2322,14.0,27.0
2323,14.0,30.0
2324,14.0,32.0
2325,14.0,38.0
2326,14.0,42.0
2327,14.0,45.0
2328,14.0,48.0
2329,14.0,50.0
2330,14.0,51.0
2331,14.0,53.0
2332,14.0,56.0
2333,14.0,57.0
2334,15.0,-21.0
2335,15.0,-20.0
2336,15.0,-18.0
2337,15.0,-17.0
2338,15.0,-16.0
2339,15.0,-15.0
2340,15.0,-14.0
2341,15.0,-13.0
2342,15.0,-12.0
2343,15.0,-11.0
2344,15.0,-10.0
2345,15.0,-9.0
2346,15.0,-7.0
2347,15.0,-6.0
2348,15.0,-5.0
2349,15.0,-4.0
2350,15.0,-2.0
2351,15.0,-1.0
2352,15.0,5.0
2353,15.0,6.0
2354,15.0,7.0
2355,15.0,8.0
2356,15.0,9.0
2357,15.0,10.0
2358,15.0,11.0
2359,15.0,12.0
2360,15.0,13.0
2361,15.0,14.0
2362,15.0,26.0
2363,15.0,32.0
2364,15.0,37.0
2365,15.0,38.0
2366,15.0,41.0
2367,15.0,42.0
2368,15.0,50.0
2369,15.0,51.0
2370,15.0,53.0
2371,15.0,55.0
2372,15.0,58.0
2373,15.0,59.0
2374,16.0,-24.0
2375,16.0,-22.0
2376,16.0,-21.0
2377,16.0,-20.0
2378,16.0,-19.0
2379,16.0,-18.0
2380,16.0,-17.0
2381,16.0,-16.0
2382,16.0,-15.0
2383,16.0,-14.0
2384,16.0,-13.0
2385,16.0,-12.0
2386,16.0,-11.0
2387,16.0,-10.0
2388,16.0,-9.0
2389,16.0,-8.0
2390,16.0,-7.0
2391,16.0,-5.0
2392,16.0,-4.0
2393,16.0,-2.0
2394,16.0,-1.0
2395,16.0,5.0
2396,16.0,6.0
2397,16.0,7.0
2398,16.0,8.0
2399,16.0,9.0
2400,16.0,10.0
2401,16.0,11.0
2402,16.0,12.0
2403,16.0,13.0
2404,16.0,14.0
2405,16.0,29.0
2406,16.0,40.0
2407,16.0,41.0
2408,16.0,43.0
2409,16.0,44.0
2410,16.0,45.0
2411,16.0,46.0
2412,16.0,47.0
2413,16.0,48.0
2414,16.0,49.0
2415,16.0,50.0
2416,16.0,54.0
2417,16.0,57.0
2418,16.0,58.0
2419,17.0,-29.0
2420,17.0,-26.0
2421,17.0,-25.0
2422,17.0,-24.0
2423,17.0,-22.0
2424,17.0,-21.0
2425,17.0,-20.0
2426,17.0,-19.0
2427,17.0,-18.0
2428,17.0,-14.0
2429,17.0,-13.0
2430,17.0,-12.0
2431,17.0,-11.0
2432,17.0,-10.0
2433,17.0,-9.0
2434,17.0,-8.0
2435,17.0,-7.0
2436,17.0,-6.0
2437,17.0,-4.0
2438,17.0,-3.0
2439,17.0,-1.0
2440,17.0,5.0
2441,17.0,6.0
2442,17.0,7.0
2443,17.0,8.0
2444,17.0,9.0
2445,17.0,10.0
2446,17.0,11.0
2447,17.0,12.0
2448,17.0,13.0
2449,17.0,31.0
2450,17.0,39.0
2451,17.0,41.0
2452,17.0,47.0
2453,17.0,48.0
2454,17.0,49.0
2455,17.0,50.0
2456,17.0,51.0
2457,17.0,54.0
2458,17.0,59.0
2459,18.0,-33.0
2460,18.0,-31.0
2461,18.0,-30.0
2462,18.0,-29.0
2463,18.0,-28.0
2464,18.0,-26.0
2465,18.0,-25.0
2466,18.0,-24.0
2467,18.0,-23.0
2468,18.0,-22.0
2469,18.0,-21.0
2470,18.0,-20.0
2471,18.0,-19.0
2472,18.0,-18.0
2473,18.0,-16.0
2474,18.0,-13.0
2475,18.0,-12.0
2476,18.0,-10.0
2477,18.0,-9.0
2478,18.0,-8.0
2479,18.0,-7.0
2480,18.0,-6.0
2481,18.0,-5.0
2482,18.0,-4.0
2483,18.0,-3.0
2484,18.0,1.0
2485,18.0,3.0
2486,18.0,5.0
2487,18.0,7.0
2488,18.0,8.0
2489,18.0,9.0
2490,18.0,11.0
2491,18.0,12.0
2492,18.0,13.0
2493,18.0,21.0
2494,18.0,40.0
2495,18.0,43.0
2496,18.0,44.0
2497,18.0,45.0
2498,18.0,46.0
2499,18.0,47.0
2500,18.0,48.0
2501,18.0,50.0
2502,18.0,51.0
2503,18.0,54.0
2504,18.0,59.0
2505,19.0,-33.0
2506,19.0,-32.0
2507,19.0,-30.0
2508,19.0,-29.0
2509,19.0,-28.0
2510,19.0,-27.0
2511,19.0,-26.0
2512,19.0,-25.0
2513,19.0,-24.0
2514,19.0,-23.0
2515,19.0,-22.0
2516,19.0,-21.0
2517,19.0,-19.0
2518,19.0,-18.0
2519,19.0,-17.0
2520,19.0,-15.0
2521,19.0,-12.0
2522,19.0,-11.0
2523,19.0,-10.0
2524,19.0,-9.0
2525,19.0,-8.0
2526,19.0,-7.0
2527,19.0,-6.0
2528,19.0,-4.0
2529,19.0,4.0
2530,19.0,5.0
2531,19.0,6.0
2532,19.0,7.0
2533,19.0,8.0
2534,19.0,9.0
2535,19.0,10.0
2536,19.0,11.0
2537,19.0,12.0
2538,19.0,13.0
2539,19.0,14.0
2540,19.0,18.0
2541,19.0,19.0
2542,19.0,28.0
2543,19.0,29.0
2544,19.0,43.0
2545,19.0,44.0
2546,19.0,45.0
2547,19.0,46.0
2548,19.0,47.0
2549,19.0,50.0
2550,19.0,51.0
2551,19.0,52.0
2552,19.0,53.0
2553,19.0,54.0
2554,20.0,-34.0
2555,20.0,-33.0
2556,20.0,-32.0
2557,20.0,-28.0
2558,20.0,-27.0
2559,20.0,-25.0
2560,20.0,-23.0
2561,20.0,-22.0
2562,20.0,-21.0
2563,20.0,-18.0
2564,20.0,-17.0
2565,20.0,-12.0
2566,20.0,-10.0
2567,20.0,-9.0
2568,20.0,-8.0
2569,20.0,-7.0
2570,20.0,-6.0
2571,20.0,-5.0
2572,20.0,2.0
2573,20.0,3.0
2574,20.0,4.0
2575,20.0,5.0
2576,20.0,6.0
2577,20.0,7.0
2578,20.0,11.0
2579,20.0,12.0
2580,20.0,13.0
2581,20.0,14.0
2582,20.0,29.0
2583,20.0,40.0
2584,20.0,41.0
2585,20.0,42.0
2586,20.0,44.0
2587,20.0,45.0
2588,20.0,46.0
2589,20.0,47.0
2590,20.0,48.0
2591,20.0,50.0
2592,20.0,51.0
2593,20.0,52.0
2594,20.0,53.0
2595,20.0,54.0
2596,21.0,-34.0
2597,21.0,-33.0
2598,21.0,-31.0
2599,21.0,-28.0
2600,21.0,-22.0
2601,21.0,-20.0
2602,21.0,-19.0
2603,21.0,-18.0
2604,21.0,-17.0
2605,21.0,-16.0
2606,21.0,-15.0
2607,21.0,-10.0
2608,21.0,-8.0
2609,21.0,-7.0
2610,21.0,-6.0
2611,21.0,-4.0
2612,21.0,2.0
2613,21.0,5.0
2614,21.0,6.0
2615,21.0,7.0
2616,21.0,8.0
2617,21.0,10.0
2618,21.0,11.0
2619,21.0,12.0
2620,21.0,13.0
2621,21.0,14.0
2622,21.0,15.0
2623,21.0,16.0
2624,21.0,19.0
2625,21.0,29.0
2626,21.0,32.0
2627,21.0,41.0
2628,21.0,42.0
2629,21.0,44.0
2630,21.0,45.0
2631,21.0,46.0
2632,21.0,47.0
2633,21.0,48.0
2634,21.0,49.0
2635,21.0,50.0
2636,21.0,52.0
2637,21.0,53.0
2638,21.0,54.0
2639,22.0,-34.0
2640,22.0,-33.0
2641,22.0,-32.0
2642,22.0,-31.0
2643,22.0,-30.0
2644,22.0,-29.0
2645,22.0,-28.0
2646,22.0,-27.0
2647,22.0,-24.0
2648,22.0,-19.0
2649,22.0,-18.0
2650,22.0,-17.0
2651,22.0,-16.0
2652,22.0,-15.0
2653,22.0,-14.0
2654,22.0,-13.0
2655,22.0,-12.0
2656,22.0,-11.0
2657,22.0,-10.0
2658,22.0,-9.0
2659,22.0,-8.0
2660,22.0,-7.0
2661,22.0,-6.0
2662,22.0,-3.0
2663,22.0,5.0
2664,22.0,6.0
2665,22.0,7.0
2666,22.0,8.0
2667,22.0,11.0
2668,22.0,12.0
2669,22.0,13.0
2670,22.0,14.0
2671,22.0,15.0
2672,22.0,17.0
2673,22.0,29.0
2674,22.0,39.0
2675,22.0,40.0
2676,22.0,41.0
2677,22.0,42.0
2678,22.0,43.0
2679,22.0,44.0
2680,22.0,47.0
2681,22.0,48.0
2682,22.0,49.0
2683,22.0,50.0
2684,22.0,51.0
2685,22.0,52.0
2686,22.0,53.0
2687,22.0,54.0
2688,22.0,55.0
2689,22.0,56.0
2690,23.0,-34.0
2691,23.0,-33.0
2692,23.0,-32.0
2693,23.0,-30.0
2694,23.0,-29.0
2695,23.0,-28.0
2696,23.0,-27.0
2697,23.0,-26.0
2698,23.0,-25.0
2699,23.0,-24.0
2700,23.0,-20.0
2701,23.0,-16.0
2702,23.0,-15.0
2703,23.0,-14.0
2704,23.0,-13.0
2705,23.0,-12.0
2706,23.0,-11.0
2707,23.0,-10.0
2708,23.0,-9.0
2709,23.0,-8.0
2710,23.0,-7.0
2711,23.0,-6.0
2712,23.0,6.0
2713,23.0,7.0
2714,23.0,9.0
2715,23.0,10.0
2716,23.0,11.0
2717,23.0,12.0
2718,23.0,13.0
2719,23.0,15.0
2720,23.0,16.0
2721,23.0,17.0
2722,23.0,24.0
2723,23.0,37.0
2724,23.0,41.0
2725,23.0,42.0
2726,23.0,43.0
2727,23.0,44.0
2728,23.0,45.0
2729,23.0,46.0
2730,23.0,48.0
2731,23.0,49.0
2732,23.0,50.0
2733,23.0,51.0
2734,23.0,53.0
2735,23.0,55.0
2736,23.0,56.0
2737,24.0,-34.0
2738,24.0,-33.0
2739,24.0,-32.0
2740,24.0,-31.0
2741,24.0,-30.0
2742,24.0,-29.0
2743,24.0,-27.0
2744,24.0,-26.0
2745,24.0,-25.0
2746,24.0,-24.0
2747,24.0,-19.0
2748,24.0,-18.0
2749,24.0,-17.0
2750,24.0,-15.0
2751,24.0,-14.0
2752,24.0,-12.0
2753,24.0,-11.0
2754,24.0,-10.0
2755,24.0,-9.0
2756,24.0,-8.0
2757,24.0,-7.0
2758,24.0,-6.0
2759,24.0,0.0
2760,24.0,1.0
2761,24.0,5.0
2762,24.0,9.0
2763,24.0,11.0
2764,24.0,12.0
2765,24.0,13.0
2766,24.0,14.0
2767,24.0,15.0
2768,24.0,32.0
2769,24.0,41.0
2770,24.0,44.0
2771,24.0,46.0
2772,24.0,47.0
2773,24.0,49.0
2774,24.0,50.0
2775,24.0,52.0
2776,24.0,54.0
2777,24.0,55.0
2778,24.0,56.0
2779,24.0,57.0
2780,25.0,-33.0
2781,25.0,-32.0
2782,25.0,-31.0
2783,25.0,-30.0
2784,25.0,-29.0
2785,25.0,-28.0
2786,25.0,-27.0
2787,25.0,-26.0
2788,25.0,-25.0
2789,25.0,-24.0
2790,25.0,-21.0
2791,25.0,-20.0
2792,25.0,-18.0
2793,25.0,-17.0
2794,25.0,-15.0
2795,25.0,-13.0
2796,25.0,-12.0
2797,25.0,-11.0
2798,25.0,-9.0
2799,25.0,-8.0
2800,25.0,-7.0
2801,25.0,-6.0
2802,25.0,-5.0
2803,25.0,-4.0
2804,25.0,5.0
2805,25.0,6.0
2806,25.0,10.0
2807,25.0,11.0
2808,25.0,12.0
2809,25.0,14.0
2810,25.0,15.0
2811,25.0,20.0
2812,25.0,35.0
2813,25.0,41.0
2814,25.0,42.0
2815,25.0,43.0
2816,25.0,44.0
2817,25.0,45.0
2818,25.0,46.0
2819,25.0,48.0
2820,25.0,49.0
2821,25.0,50.0
2822,25.0,51.0
2823,25.0,52.0
2824,25.0,53.0
2825,25.0,54.0
2826,25.0,55.0
2827,25.0,56.0
2828,25.0,57.0
2829,25.0,59.0
2830,26.0,-33.0
2831,26.0,-32.0
2832,26.0,-31.0
2833,26.0,-30.0
2834,26.0,-29.0
2835,26.0,-28.0
2836,26.0,-27.0
2837,26.0,-26.0
2838,26.0,-25.0
2839,26.0,-24.0
2840,26.0,-23.0
2841,26.0,-21.0
2842,26.0,-20.0
2843,26.0,-18.0
2844,26.0,-13.0
2845,26.0,-12.0
2846,26.0,-11.0
2847,26.0,-10.0
2848,26.0,-9.0
2849,26.0,-8.0
2850,26.0,-7.0
2851,26.0,-6.0
2852,26.0,-5.0
2853,26.0,-4.0
2854,26.0,-3.0
2855,26.0,5.0
2856,26.0,8.0
2857,26.0,11.0
2858,26.0,12.0
2859,26.0,13.0
2860,26.0,14.0
2861,26.0,41.0
2862,26.0,42.0
2863,26.0,44.0
2864,26.0,48.0
2865,26.0,49.0
2866,26.0,50.0
2867,26.0,51.0
2868,26.0,52.0
2869,26.0,54.0
2870,26.0,55.0
2871,26.0,56.0
2872,26.0,57.0
2873,26.0,58.0
2874,26.0,59.0
2875,27.0,-33.0
2876,27.0,-32.0
2877,27.0,-31.0
2878,27.0,-30.0
2879,27.0,-29.0
2880,27.0,-28.0
2881,27.0,-27.0
2882,27.0,-26.0
2883,27.0,-25.0
2884,27.0,-24.0
2885,27.0,-23.0
2886,27.0,-22.0
2887,27.0,-21.0
2888,27.0,-20.0
2889,27.0,-18.0
2890,27.0,-17.0
2891,27.0,-16.0
2892,27.0,-15.0
2893,27.0,-13.0
2894,27.0,-12.0
2895,27.0,-11.0
2896,27.0,-10.0
2897,27.0,-9.0
2898,27.0,-8.0
2899,27.0,-7.0
2900,27.0,-6.0
2901,27.0,-5.0
2902,27.0,4.0
2903,27.0,8.0
2904,27.0,9.0
2905,27.0,10.0
2906,27.0,11.0
2907,27.0,12.0
2908,27.0,13.0
2909,27.0,14.0
2910,27.0,37.0
2911,27.0,39.0
2912,27.0,40.0
2913,27.0,41.0
2914,27.0,42.0
2915,27.0,43.0
2916,27.0,44.0
2917,27.0,45.0
2918,27.0,47.0
2919,27.0,48.0
2920,27.0,50.0
2921,27.0,51.0
2922,27.0,52.0
2923,27.0,53.0
2924,27.0,55.0
2925,27.0,56.0
2926,28.0,-32.0
2927,28.0,-31.0
2928,28.0,-30.0
2929,28.0,-29.0
2930,28.0,-28.0
2931,28.0,-27.0
2932,28.0,-25.0
2933,28.0,-24.0
2934,28.0,-23.0
2935,28.0,-22.0
2936,28.0,-21.0
2937,28.0,-20.0
2938,28.0,-19.0
2939,28.0,-18.0
2940,28.0,-16.0
2941,28.0,-15.0
2942,28.0,-14.0
2943,28.0,-13.0
2944,28.0,-12.0
2945,28.0,-11.0
2946,28.0,-10.0
2947,28.0,-9.0
2948,28.0,-8.0
2949,28.0,-7.0
2950,28.0,-6.0
2951,28.0,-5.0
2952,28.0,-4.0
2953,28.0,4.0
2954,28.0,5.0
2955,28.0,7.0
2956,28.0,8.0
2957,28.0,9.0
2958,28.0,11.0
2959,28.0,12.0
2960,28.0,13.0
2961,28.0,14.0
2962,28.0,26.0
2963,28.0,27.0
2964,28.0,31.0
2965,28.0,38.0
2966,28.0,40.0
2967,28.0,42.0
2968,28.0,44.0
2969,28.0,45.0
2970,28.0,46.0
2971,28.0,47.0
2972,28.0,48.0
2973,28.0,49.0
2974,28.0,50.0
2975,28.0,51.0
2976,28.0,52.0
2977,28.0,53.0
2978,28.0,54.0
2979,28.0,56.0
2980,28.0,57.0
2981,28.0,58.0
2982,29.0,-32.0
2983,29.0,-31.0
2984,29.0,-30.0
2985,29.0,-29.0
2986,29.0,-28.0
2987,29.0,-27.0
2988,29.0,-26.0
2989,29.0,-25.0
2990,29.0,-24.0
2991,29.0,-23.0
2992,29.0,-22.0
2993,29.0,-21.0
2994,29.0,-20.0
2995,29.0,-19.0
2996,29.0,-18.0
2997,29.0,-17.0
2998,29.0,-16.0
2999,29.0,-15.0
3000,29.0,-14.0
3001,29.0,-13.0
3002,29.0,-12.0
3003,29.0,-11.0
3004,29.0,-10.0
3005,29.0,-9.0
3006,29.0,-8.0
3007,29.0,-7.0
3008,29.0,-6.0
3009,29.0,-4.0
3010,29.0,-3.0
3011,29.0,-1.0
3012,29.0,3.0
3013,29.0,4.0
3014,29.0,5.0
3015,29.0,7.0
3016,29.0,8.0
3017,29.0,9.0
3018,29.0,11.0
3019,29.0,12.0
3020,29.0,13.0
3021,29.0,26.0
3022,29.0,38.0
3023,29.0,39.0
3024,29.0,46.0
3025,29.0,47.0
3026,29.0,48.0
3027,29.0,49.0
3028,29.0,50.0
3029,29.0,51.0
3030,29.0,53.0
3031,29.0,55.0
3032,29.0,56.0
3033,29.0,57.0
3034,30.0,-31.0
3035,30.0,-30.0
3036,30.0,-29.0
3037,30.0,-28.0
3038,30.0,-27.0
3039,30.0,-26.0
3040,30.0,-25.0
3041,30.0,-22.0
3042,30.0,-21.0
3043,30.0,-20.0
3044,30.0,-19.0
3045,30.0,-18.0
3046,30.0,-17.0
3047,30.0,-16.0
3048,30.0,-15.0
3049,30.0,-13.0
3050,30.0,-9.0
3051,30.0,-8.0
3052,30.0,-6.0
3053,30.0,-5.0
3054,30.0,-4.0
3055,30.0,-3.0
3056,30.0,-2.0
3057,30.0,-1.0
3058,30.0,0.0
3059,30.0,1.0
3060,30.0,3.0
3061,30.0,4.0
3062,30.0,6.0
3063,30.0,7.0
3064,30.0,9.0
3065,30.0,10.0
3066,30.0,11.0
3067,30.0,12.0
3068,30.0,13.0
3069,30.0,14.0
3070,30.0,31.0
3071,30.0,37.0
3072,30.0,38.0
3073,30.0,39.0
3074,30.0,40.0
3075,30.0,41.0
3076,30.0,46.0
3077,30.0,47.0
3078,30.0,48.0
3079,30.0,49.0
3080,30.0,50.0
3081,30.0,51.0
3082,30.0,53.0
3083,30.0,54.0
3084,30.0,56.0
3085,30.0,58.0
3086,30.0,59.0
3087,31.0,-29.0
3088,31.0,-28.0
3089,31.0,-27.0
3090,31.0,-26.0
3091,31.0,-25.0
3092,31.0,-24.0
3093,31.0,-23.0
3094,31.0,-22.0
3095,31.0,-21.0
3096,31.0,-20.0
3097,31.0,-19.0
3098,31.0,-18.0
3099,31.0,-17.0
3100,31.0,-16.0
3101,31.0,-15.0
3102,31.0,-14.0
3103,31.0,-13.0
3104,31.0,-11.0
3105,31.0,-10.0
3106,31.0,-9.0
3107,31.0,-8.0
3108,31.0,-7.0
3109,31.0,-6.0
3110,31.0,-5.0
3111,31.0,-4.0
3112,31.0,-3.0
3113,31.0,-2.0
3114,31.0,-1.0
3115,31.0,0.0
3116,31.0,1.0
3117,31.0,2.0
3118,31.0,3.0
3119,31.0,4.0
3120,31.0,5.0
3121,31.0,6.0
3122,31.0,9.0
3123,31.0,11.0
3124,31.0,12.0
3125,31.0,13.0
3126,31.0,14.0
3127,31.0,15.0
3128,31.0,21.0
3129,31.0,27.0
3130,31.0,28.0
3131,31.0,29.0
3132,31.0,30.0
3133,31.0,31.0
3134,31.0,37.0
3135,31.0,38.0
3136,31.0,39.0
3137,31.0,40.0
3138,31.0,47.0
3139,31.0,48.0
3140,31.0,49.0
3141,31.0,50.0
3142,31.0,51.0
3143,31.0,54.0
3144,31.0,58.0
3145,32.0,-28.0
3146,32.0,-27.0
3147,32.0,-26.0
3148,32.0,-25.0
3149,32.0,-24.0
3150,32.0,-23.0
3151,32.0,-22.0
3152,32.0,-21.0
3153,32.0,-20.0
3154,32.0,-19.0
3155,32.0,-18.0
3156,32.0,-17.0
3157,32.0,-16.0
3158,32.0,-14.0
3159,32.0,-13.0
3160,32.0,-12.0
3161,32.0,-11.0
3162,32.0,-10.0
3163,32.0,-7.0
3164,32.0,-6.0
3165,32.0,-5.0
3166,32.0,-4.0
3167,32.0,-3.0
3168,32.0,0.0
3169,32.0,1.0
3170,32.0,2.0
3171,32.0,3.0
3172,32.0,4.0
3173,32.0,5.0
3174,32.0,7.0
3175,32.0,8.0
3176,32.0,9.0
3177,32.0,10.0
3178,32.0,11.0
3179,32.0,12.0
3180,32.0,13.0
3181,32.0,14.0
3182,32.0,15.0
3183,32.0,26.0
3184,32.0,31.0
3185,32.0,37.0
3186,32.0,38.0
3187,32.0,39.0
3188,32.0,40.0
3189,32.0,48.0
3190,32.0,49.0
3191,32.0,50.0
3192,32.0,51.0
3193,32.0,52.0
3194,32.0,53.0
3195,32.0,54.0
3196,32.0,55.0
3197,32.0,56.0
3198,32.0,59.0
3199,33.0,-25.0
3200,33.0,-24.0
3201,33.0,-19.0
3202,33.0,-18.0
3203,33.0,-17.0
3204,33.0,-16.0
3205,33.0,-15.0
3206,33.0,-14.0
3207,33.0,-13.0
3208,33.0,-12.0
3209,33.0,-11.0
3210,33.0,-10.0
3211,33.0,-9.0
3212,33.0,-8.0
3213,33.0,-6.0
3214,33.0,-5.0
3215,33.0,-4.0
3216,33.0,-3.0
3217,33.0,-2.0
3218,33.0,1.0
3219,33.0,2.0
3220,33.0,3.0
3221,33.0,8.0
3222,33.0,9.0
3223,33.0,10.0
3224,33.0,12.0
3225,33.0,13.0
3226,33.0,14.0
3227,33.0,15.0
3228,33.0,16.0
3229,33.0,21.0
3230,33.0,22.0
3231,33.0,24.0
3232,33.0,25.0
3233,33.0,26.0
3234,33.0,30.0
3235,33.0,31.0
3236,33.0,35.0
3237,33.0,38.0
3238,33.0,39.0
3239,33.0,40.0
3240,33.0,47.0
3241,33.0,48.0
3242,33.0,49.0
3243,33.0,50.0
3244,33.0,52.0
3245,33.0,53.0
3246,33.0,58.0
3247,33.0,59.0
3248,34.0,-25.0
3249,34.0,-24.0
3250,34.0,-22.0
3251,34.0,-21.0
3252,34.0,-20.0
3253,34.0,-19.0
3254,34.0,-18.0
3255,34.0,-17.0
3256,34.0,-16.0
3257,34.0,-15.0
3258,34.0,-14.0
3259,34.0,-13.0
3260,34.0,-12.0
3261,34.0,-9.0
3262,34.0,-6.0
3263,34.0,-5.0
3264,34.0,-4.0
3265,34.0,-3.0
3266,34.0,0.0
3267,34.0,1.0
3268,34.0,2.0
3269,34.0,3.0
3270,34.0,4.0
3271,34.0,7.0
3272,34.0,9.0
3273,34.0,10.0
3274,34.0,11.0
3275,34.0,12.0
3276,34.0,13.0
3277,34.0,14.0
3278,34.0,16.0
3279,34.0,18.0
3280,34.0,28.0
3281,34.0,29.0
3282,34.0,30.0
3283,34.0,31.0
3284,34.0,35.0
3285,34.0,37.0
3286,34.0,38.0
3287,34.0,39.0
3288,34.0,40.0
3289,34.0,41.0
3290,34.0,45.0
3291,34.0,46.0
3292,34.0,47.0
3293,34.0,48.0
3294,34.0,49.0
3295,34.0,50.0
3296,34.0,51.0
3297,34.0,53.0
3298,34.0,54.0
3299,34.0,55.0
3300,34.0,59.0
3301,35.0,-24.0
3302,35.0,-23.0
3303,35.0,-22.0
3304,35.0,-21.0
3305,35.0,-19.0
3306,35.0,-18.0
3307,35.0,-17.0
3308,35.0,-16.0
3309,35.0,-15.0
3310,35.0,-13.0
3311,35.0,-11.0
3312,35.0,-10.0
3313,35.0,-9.0
3314,35.0,-8.0
3315,35.0,-7.0
3316,35.0,-6.0
3317,35.0,-5.0
3318,35.0,-4.0
3319,35.0,-1.0
3320,35.0,1.0
3321,35.0,2.0
3322,35.0,3.0
3323,35.0,9.0
3324,35.0,10.0
3325,35.0,11.0
3326,35.0,13.0
3327,35.0,14.0
3328,35.0,15.0
3329,35.0,21.0
3330,35.0,30.0
3331,35.0,31.0
3332,35.0,32.0
3333,35.0,37.0
3334,35.0,38.0
3335,35.0,39.0
3336,35.0,40.0
3337,35.0,41.0
3338,35.0,42.0
3339,35.0,45.0
3340,35.0,47.0
3341,35.0,48.0
3342,35.0,49.0
3343,35.0,50.0
3344,35.0,51.0
3345,35.0,52.0
3346,35.0,53.0
3347,35.0,55.0
3348,35.0,57.0
3349,35.0,58.0
3350,35.0,59.0
3351,36.0,-18.0
3352,36.0,-17.0
3353,36.0,-16.0
3354,36.0,-15.0
3355,36.0,-14.0
3356,36.0,-13.0
3357,36.0,-11.0
3358,36.0,-9.0
3359,36.0,-8.0
3360,36.0,-7.0
3361,36.0,-6.0
3362,36.0,-5.0
3363,36.0,-4.0
3364,36.0,-3.0
3365,36.0,-2.0
3366,36.0,-1.0
3367,36.0,0.0
3368,36.0,1.0
3369,36.0,2.0
3370,36.0,3.0
3371,36.0,5.0
3372,36.0,6.0
3373,36.0,7.0
3374,36.0,9.0
3375,36.0,10.0
3376,36.0,11.0
3377,36.0,13.0
3378,36.0,14.0
3379,36.0,15.0
3380,36.0,16.0
3381,36.0,29.0
3382,36.0,30.0
3383,36.0,31.0
3384,36.0,33.0
3385,36.0,34.0
3386,36.0,35.0
3387,36.0,36.0
3388,36.0,37.0
3389,36.0,39.0
3390,36.0,40.0
3391,36.0,41.0
3392,36.0,47.0
3393,36.0,48.0
3394,36.0,49.0
3395,36.0,50.0
3396,36.0,51.0
3397,36.0,52.0
3398,36.0,53.0
3399,36.0,54.0
3400,36.0,55.0
3401,36.0,56.0
3402,36.0,57.0
3403,36.0,59.0
3404,37.0,-17.0
3405,37.0,-16.0
3406,37.0,-15.0
3407,37.0,-14.0
3408,37.0,-11.0
3409,37.0,-9.0
3410,37.0,-8.0
3411,37.0,-7.0
3412,37.0,-6.0
3413,37.0,-3.0
3414,37.0,-2.0
3415,37.0,-1.0
3416,37.0,0.0
3417,37.0,1.0
3418,37.0,2.0
3419,37.0,5.0
3420,37.0,6.0
3421,37.0,7.0
3422,37.0,9.0
3423,37.0,10.0
3424,37.0,11.0
3425,37.0,12.0
3426,37.0,13.0
3427,37.0,14.0
3428,37.0,15.0
3429,37.0,16.0
3430,37.0,20.0
3431,37.0,21.0
3432,37.0,26.0
3433,37.0,32.0
3434,37.0,33.0
3435,37.0,34.0
3436,37.0,35.0
3437,37.0,36.0
3438,37.0,37.0
3439,37.0,39.0
3440,37.0,40.0
3441,37.0,47.0
3442,37.0,48.0
3443,37.0,49.0
3444,37.0,50.0
3445,37.0,51.0
3446,37.0,52.0
3447,37.0,53.0
3448,37.0,56.0
3449,37.0,58.0
3450,38.0,-17.0
3451,38.0,-16.0
3452,38.0,-15.0
3453,38.0,-14.0
3454,38.0,-11.0
3455,38.0,-10.0
3456,38.0,-8.0
3457,38.0,-7.0
3458,38.0,-6.0
3459,38.0,-5.0
3460,38.0,-4.0
3461,38.0,-3.0
3462,38.0,-2.0
3463,38.0,-1.0
3464,38.0,0.0
3465,38.0,2.0
3466,38.0,4.0
3467,38.0,5.0
3468,38.0,6.0
3469,38.0,7.0
3470,38.0,8.0
3471,38.0,9.0
3472,38.0,12.0
3473,38.0,13.0
3474,38.0,14.0
3475,38.0,15.0
3476,38.0,16.0
3477,38.0,17.0
3478,38.0,18.0
3479,38.0,25.0
3480,38.0,26.0
3481,38.0,27.0
3482,38.0,29.0
3483,38.0,34.0
3484,38.0,35.0
3485,38.0,36.0
3486,38.0,37.0
3487,38.0,38.0
3488,38.0,39.0
3489,38.0,40.0
3490,38.0,45.0
3491,38.0,46.0
3492,38.0,48.0
3493,38.0,49.0
3494,38.0,50.0
3495,38.0,51.0
3496,38.0,52.0
3497,38.0,53.0
3498,38.0,54.0
3499,38.0,58.0
3500,39.0,-17.0
3501,39.0,-16.0
3502,39.0,-15.0
3503,39.0,-14.0
3504,39.0,-13.0
3505,39.0,-12.0
3506,39.0,-11.0
3507,39.0,-10.0
3508,39.0,-9.0
3509,39.0,-8.0
3510,39.0,-7.0
3511,39.0,-5.0
3512,39.0,-4.0
3513,39.0,-3.0
3514,39.0,-1.0
3515,39.0,0.0
3516,39.0,1.0
3517,39.0,2.0
3518,39.0,3.0
3519,39.0,4.0
3520,39.0,5.0
3521,39.0,6.0
3522,39.0,7.0
3523,39.0,8.0
3524,39.0,9.0
3525,39.0,12.0
3526,39.0,13.0
3527,39.0,14.0
3528,39.0,15.0
3529,39.0,16.0
3530,39.0,23.0
3531,39.0,25.0
3532,39.0,35.0
3533,39.0,36.0
3534,39.0,37.0
3535,39.0,38.0
3536,39.0,39.0
3537,39.0,40.0
3538,39.0,45.0
3539,39.0,46.0
3540,39.0,48.0
3541,39.0,49.0
3542,39.0,50.0
3543,39.0,51.0
3544,39.0,52.0
3545,39.0,53.0
3546,39.0,54.0
3547,39.0,55.0
3548,39.0,56.0
3549,39.0,57.0
3550,39.0,58.0
3551,39.0,59.0
3552,40.0,-16.0
3553,40.0,-15.0
3554,40.0,-14.0
3555,40.0,-13.0
3556,40.0,-12.0
3557,40.0,-11.0
3558,40.0,-3.0
3559,40.0,-2.0
3560,40.0,-1.0
3561,40.0,0.0
3562,40.0,1.0
3563,40.0,2.0
3564,40.0,3.0
3565,40.0,4.0
3566,40.0,6.0
3567,40.0,7.0
3568,40.0,9.0
3569,40.0,10.0
3570,40.0,12.0
3571,40.0,13.0
3572,40.0,15.0
3573,40.0,22.0
3574,40.0,23.0
3575,40.0,24.0
3576,40.0,25.0
3577,40.0,26.0
3578,40.0,27.0
3579,40.0,30.0
3580,40.0,33.0
3581,40.0,35.0
3582,40.0,36.0
3583,40.0,37.0
3584,40.0,38.0
3585,40.0,39.0
3586,40.0,40.0
3587,40.0,45.0
3588,40.0,46.0
3589,40.0,47.0
3590,40.0,48.0
3591,40.0,49.0
3592,40.0,50.0
3593,40.0,51.0
3594,40.0,52.0
3595,40.0,53.0
3596,40.0,54.0
3597,40.0,56.0
3598,40.0,57.0
3599,40.0,58.0
3600,40.0,59.0
3601,41.0,-2.0
3602,41.0,-1.0
3603,41.0,0.0
3604,41.0,1.0
3605,41.0,3.0
3606,41.0,4.0
3607,41.0,5.0
3608,41.0,7.0
3609,41.0,9.0
3610,41.0,10.0
3611,41.0,11.0
3612,41.0,12.0
3613,41.0,13.0
3614,41.0,21.0
3615,41.0,23.0
3616,41.0,24.0
3617,41.0,26.0
3618,41.0,27.0
3619,41.0,28.0
3620,41.0,31.0
3621,41.0,35.0
3622,41.0,36.0
3623,41.0,37.0
3624,41.0,38.0
3625,41.0,39.0
3626,41.0,40.0
3627,41.0,43.0
3628,41.0,44.0
3629,41.0,45.0
3630,41.0,46.0
3631,41.0,47.0
3632,41.0,48.0
3633,41.0,49.0
3634,41.0,50.0
3635,41.0,51.0
3636,41.0,52.0
3637,41.0,53.0
3638,42.0,1.0
3639,42.0,2.0
3640,42.0,3.0
3641,42.0,4.0
3642,42.0,5.0
3643,42.0,6.0
3644,42.0,7.0
3645,42.0,8.0
3646,42.0,9.0
3647,42.0,10.0
3648,42.0,11.0
3649,42.0,12.0
3650,42.0,18.0
3651,42.0,20.0
3652,42.0,22.0
3653,42.0,26.0
3654,42.0,27.0
3655,42.0,28.0
3656,42.0,36.0
3657,42.0,37.0
3658,42.0,39.0
3659,42.0,40.0
3660,42.0,41.0
3661,42.0,42.0
3662,42.0,44.0
3663,42.0,45.0
3664,42.0,46.0
3665,42.0,47.0
3666,42.0,48.0
3667,42.0,49.0
3668,42.0,50.0
3669,42.0,51.0
3670,42.0,52.0
3671,42.0,53.0
3672,42.0,55.0
3673,42.0,56.0
3674,42.0,58.0
3675,43.0,1.0
3676,43.0,2.0
3677,43.0,3.0
3678,43.0,4.0
3679,43.0,5.0
3680,43.0,6.0
3681,43.0,7.0
3682,43.0,8.0
3683,43.0,9.0
3684,43.0,10.0
3685,43.0,11.0
3686,43.0,15.0
3687,43.0,16.0
3688,43.0,17.0
3689,43.0,19.0
3690,43.0,24.0
3691,43.0,25.0
3692,43.0,26.0
3693,43.0,27.0
3694,43.0,30.0
3695,43.0,34.0
3696,43.0,35.0
3697,43.0,36.0
3698,43.0,37.0
3699,43.0,39.0
3700,43.0,40.0
3701,43.0,41.0
3702,43.0,44.0
3703,43.0,45.0
3704,43.0,46.0
3705,43.0,47.0
3706,43.0,48.0
3707,43.0,49.0
3708,43.0,50.0
3709,43.0,51.0
3710,43.0,52.0
3711,43.0,53.0
3712,43.0,54.0
3713,43.0,57.0
3714,43.0,58.0
3715,43.0,59.0
3716,44.0,-24.0
3717,44.0,-23.0
3718,44.0,-22.0
3719,44.0,-21.0
3720,44.0,2.0
3721,44.0,3.0
3722,44.0,4.0
3723,44.0,5.0
3724,44.0,6.0
3725,44.0,7.0
3726,44.0,8.0
3727,44.0,9.0
3728,44.0,10.0
3729,44.0,13.0
3730,44.0,16.0
3731,44.0,17.0
3732,44.0,18.0
3733,44.0,25.0
3734,44.0,26.0
3735,44.0,27.0
3736,44.0,32.0
3737,44.0,33.0
3738,44.0,34.0
3739,44.0,35.0
3740,44.0,36.0
3741,44.0,38.0
3742,44.0,39.0
3743,44.0,40.0
3744,44.0,42.0
3745,44.0,44.0
3746,44.0,45.0
3747,44.0,46.0
3748,44.0,47.0
3749,44.0,48.0
3750,44.0,49.0
3751,44.0,50.0
3752,44.0,51.0
3753,44.0,52.0
3754,44.0,53.0
3755,44.0,54.0
3756,44.0,56.0
3757,44.0,58.0
3758,45.0,-25.0
3759,45.0,-24.0
3760,45.0,-23.0
3761,45.0,-22.0
3762,45.0,-21.0
3763,45.0,-18.0
3764,45.0,2.0
3765,45.0,3.0
3766,45.0,4.0
3767,45.0,5.0
3768,45.0,6.0
3769,45.0,7.0
3770,45.0,8.0
3771,45.0,9.0
3772,45.0,10.0
3773,45.0,13.0
3774,45.0,15.0
3775,45.0,16.0
3776,45.0,17.0
3777,45.0,20.0
3778,45.0,24.0
3779,45.0,25.0
3780,45.0,26.0
3781,45.0,31.0
3782,45.0,32.0
3783,45.0,33.0
3784,45.0,34.0
3785,45.0,35.0
3786,45.0,36.0
3787,45.0,37.0
3788,45.0,38.0
3789,45.0,39.0
3790,45.0,42.0
3791,45.0,43.0
3792,45.0,44.0
3793,45.0,45.0
3794,45.0,47.0
3795,45.0,48.0
3796,45.0,49.0
3797,45.0,50.0
3798,45.0,51.0
3799,45.0,52.0
3800,45.0,53.0
3801,45.0,54.0
3802,45.0,55.0
3803,45.0,56.0
3804,45.0,57.0
3805,46.0,-25.0
3806,46.0,-23.0
3807,46.0,-20.0
3808,46.0,-19.0
3809,46.0,-18.0
3810,46.0,-16.0
3811,46.0,3.0
3812,46.0,5.0
3813,46.0,6.0
3814,46.0,7.0
3815,46.0,8.0
3816,46.0,9.0
3817,46.0,15.0
3818,46.0,21.0
3819,46.0,22.0
3820,46.0,24.0
3821,46.0,25.0
3822,46.0,26.0
3823,46.0,31.0
3824,46.0,32.0
3825,46.0,33.0
3826,46.0,34.0
3827,46.0,36.0
3828,46.0,37.0
3829,46.0,38.0
3830,46.0,39.0
3831,46.0,41.0
3832,46.0,44.0
3833,46.0,45.0
3834,46.0,46.0
3835,46.0,48.0
3836,46.0,50.0
3837,46.0,52.0
3838,46.0,54.0
3839,46.0,55.0
3840,46.0,56.0
3841,47.0,-24.0
3842,47.0,-23.0
3843,47.0,-21.0
3844,47.0,-20.0
3845,47.0,-19.0
3846,47.0,-18.0
3847,47.0,-17.0
3848,47.0,-16.0
3849,47.0,6.0
3850,47.0,7.0
3851,47.0,8.0
3852,47.0,9.0
3853,47.0,10.0
3854,47.0,14.0
3855,47.0,15.0
3856,47.0,17.0
3857,47.0,23.0
3858,47.0,24.0
3859,47.0,25.0
3860,47.0,27.0
3861,47.0,29.0
3862,47.0,31.0
3863,47.0,32.0
3864,47.0,33.0
3865,47.0,34.0
3866,47.0,36.0
3867,47.0,37.0
3868,47.0,38.0
3869,47.0,39.0
3870,47.0,40.0
3871,47.0,41.0
3872,47.0,43.0
3873,47.0,44.0
3874,47.0,45.0
3875,47.0,46.0
3876,47.0,49.0
3877,47.0,50.0
3878,47.0,51.0
3879,47.0,52.0
3880,47.0,54.0
3881,47.0,56.0
3882,47.0,57.0
3883,47.0,58.0
3884,47.0,59.0
3885,48.0,-22.0
3886,48.0,-21.0
3887,48.0,-20.0
3888,48.0,-19.0
3889,48.0,-18.0
3890,48.0,-17.0
3891,48.0,-16.0
3892,48.0,-15.0
3893,48.0,-14.0
3894,48.0,5.0
3895,48.0,6.0
3896,48.0,7.0
3897,48.0,8.0
3898,48.0,9.0
3899,48.0,10.0
3900,48.0,15.0
3901,48.0,16.0
3902,48.0,24.0
3903,48.0,25.0
3904,48.0,29.0
3905,48.0,31.0
3906,48.0,32.0
3907,48.0,33.0
3908,48.0,34.0
3909,48.0,35.0
3910,48.0,36.0
3911,48.0,37.0
3912,48.0,38.0
3913,48.0,39.0
3914,48.0,40.0
3915,48.0,42.0
3916,48.0,46.0
3917,48.0,47.0
3918,48.0,49.0
3919,48.0,50.0
3920,48.0,51.0
3921,48.0,52.0
3922,48.0,53.0
3923,48.0,54.0
3924,48.0,55.0
3925,48.0,56.0
3926,48.0,57.0
3927,49.0,-19.0
3928,49.0,-18.0
3929,49.0,-17.0
3930,49.0,-13.0
3931,49.0,7.0
3932,49.0,8.0
3933,49.0,9.0
3934,49.0,10.0
3935,49.0,15.0
3936,49.0,24.0
3937,49.0,26.0
3938,49.0,27.0
3939,49.0,31.0
3940,49.0,32.0
3941,49.0,33.0
3942,49.0,34.0
3943,49.0,35.0
3944,49.0,36.0
3945,49.0,40.0
3946,49.0,41.0
3947,49.0,49.0
3948,49.0,50.0
3949,49.0,51.0
3950,49.0,52.0
3951,49.0,53.0
3952,49.0,54.0
3953,49.0,55.0
3954,49.0,56.0
3955,49.0,57.0
3956,49.0,58.0
3957,49.0,59.0
3958,50.0,-14.0
3959,50.0,9.0
3960,50.0,11.0
3961,50.0,15.0
3962,50.0,31.0
3963,50.0,32.0
3964,50.0,34.0
3965,50.0,35.0
3966,50.0,36.0
3967,50.0,49.0
3968,50.0,50.0
3969,50.0,51.0
3970,50.0,52.0
3971,50.0,53.0
3972,50.0,54.0
3973,50.0,55.0
3974,50.0,56.0
3975,50.0,57.0
3976,50.0,58.0
3977,50.0,59.0
3978,51.0,11.0
3979,51.0,19.0
3980,51.0,25.0
3981,51.0,29.0
3982,51.0,30.0
3983,51.0,33.0
3984,51.0,34.0
3985,51.0,35.0
3986,51.0,36.0
3987,51.0,44.0
3988,51.0,47.0
3989,51.0,48.0
3990,51.0,50.0
3991,51.0,51.0
3992,51.0,52.0
3993,51.0,53.0
3994,51.0,54.0
3995,51.0,56.0
3996,51.0,57.0
3997,51.0,59.0
3998,52.0,16.0
3999,52.0,28.0
4000,52.0,29.0
4001,52.0,30.0
4002,52.0,31.0
4003,52.0,32.0
4004,52.0,33.0
4005,52.0,34.0
4006,52.0,43.0
4007,52.0,44.0
4008,52.0,45.0
4009,52.0,47.0
4010,52.0,49.0
4011,52.0,50.0
4012,52.0,51.0
4013,52.0,52.0
4014,52.0,54.0
4015,52.0,55.0
4016,52.0,56.0
4017,52.0,57.0
4018,52.0,58.0
4019,53.0,17.0
4020,53.0,24.0
4021,53.0,28.0
4022,53.0,29.0
4023,53.0,30.0
4024,53.0,31.0
4025,53.0,33.0
4026,53.0,44.0
4027,53.0,45.0
4028,53.0,47.0
4029,53.0,48.0
4030,53.0,49.0
4031,53.0,51.0
4032,53.0,52.0
4033,53.0,53.0
4034,53.0,54.0
4035,53.0,55.0
4036,53.0,56.0
4037,53.0,57.0
4038,53.0,58.0
4039,54.0,17.0
4040,54.0,27.0
4041,54.0,28.0
4042,54.0,29.0
4043,54.0,30.0
4044,54.0,32.0
4045,54.0,36.0
4046,54.0,38.0
4047,54.0,39.0
4048,54.0,43.0
4049,54.0,45.0
4050,54.0,47.0
4051,54.0,49.0
4052,54.0,50.0
4053,54.0,51.0
4054,54.0,52.0
4055,54.0,53.0
4056,54.0,54.0
4057,54.0,55.0
4058,54.0,57.0
4059,54.0,58.0
4060,55.0,18.0
4061,55.0,24.0
4062,55.0,25.0
4063,55.0,27.0
4064,55.0,28.0
4065,55.0,29.0
4066,55.0,30.0
4067,55.0,33.0
4068,55.0,34.0
4069,55.0,37.0
4070,55.0,38.0
4071,55.0,43.0
4072,55.0,44.0
4073,55.0,48.0
4074,55.0,49.0
4075,55.0,50.0
4076,55.0,51.0
4077,55.0,52.0
4078,55.0,53.0
4079,55.0,54.0
4080,55.0,55.0
4081,55.0,56.0
4082,55.0,57.0
4083,55.0,58.0
4084,55.0,59.0
4085,56.0,20.0
4086,56.0,22.0
4087,56.0,24.0
4088,56.0,25.0
4089,56.0,29.0
4090,56.0,30.0
4091,56.0,31.0
4092,56.0,32.0
4093,56.0,34.0
4094,56.0,37.0
4095,56.0,38.0
4096,56.0,40.0
4097,56.0,48.0
4098,56.0,50.0
4099,56.0,51.0
4100,56.0,52.0
4101,56.0,53.0
4102,56.0,54.0
4103,56.0,55.0
4104,56.0,56.0
4105,56.0,57.0
4106,56.0,58.0
4107,57.0,23.0
4108,57.0,24.0
4109,57.0,27.0
4110,57.0,28.0
4111,57.0,29.0
4112,57.0,30.0
4113,57.0,31.0
4114,57.0,33.0
4115,57.0,37.0
4116,57.0,38.0
4117,57.0,48.0
4118,57.0,49.0
4119,57.0,50.0
4120,57.0,51.0
4121,57.0,52.0
4122,57.0,54.0
4123,57.0,55.0
4124,57.0,56.0
4125,57.0,57.0
4126,57.0,58.0
4127,58.0,23.0
4128,58.0,27.0
4129,58.0,28.0
4130,58.0,30.0
4131,58.0,34.0
4132,58.0,35.0
4133,58.0,36.0
4134,58.0,37.0
4135,58.0,38.0
4136,58.0,44.0
4137,58.0,45.0
4138,58.0,49.0
4139,58.0,50.0
4140,58.0,51.0
4141,58.0,52.0
4142,58.0,53.0
4143,58.0,54.0
4144,58.0,55.0
4145,58.0,56.0
4146,58.0,57.0
4147,59.0,22.0
4148,59.0,26.0
4149,59.0,27.0
4150,59.0,28.0
4151,59.0,29.0
4152,59.0,32.0
4153,59.0,33.0
4154,59.0,34.0
4155,59.0,35.0
4156,59.0,36.0
4157,59.0,37.0
4158,59.0,38.0
4159,59.0,42.0
4160,59.0,43.0
4161,59.0,44.0
4162,59.0,46.0
4163,59.0,47.0
4164,59.0,48.0
4165,59.0,50.0
4166,59.0,51.0
4167,59.0,52.0
4168,59.0,53.0
4169,59.0,54.0
4170,59.0,56.0
4171,60.0,26.0
4172,60.0,27.0
4173,60.0,28.0
4174,60.0,30.0
4175,60.0,32.0
4176,60.0,33.0
4177,60.0,34.0
4178,60.0,35.0
4179,60.0,36.0
4180,60.0,37.0
4181,60.0,42.0
4182,60.0,43.0
4183,60.0,50.0
4184,60.0,51.0
4185,60.0,52.0
4186,60.0,53.0
4187,60.0,54.0
4188,60.0,56.0
4189,60.0,58.0
4190,61.0,26.0
4191,61.0,27.0
4192,61.0,28.0
4193,61.0,29.0
4194,61.0,30.0
4195,61.0,35.0
4196,61.0,36.0
4197,61.0,37.0
4198,61.0,40.0
4199,61.0,42.0
4200,61.0,44.0
4201,61.0,46.0
4202,61.0,47.0
4203,61.0,51.0
4204,61.0,52.0
4205,61.0,53.0
4206,61.0,54.0
4207,61.0,55.0
4208,61.0,56.0
4209,62.0,26.0
4210,62.0,27.0
4211,62.0,28.0
4212,62.0,31.0
4213,62.0,32.0
4214,62.0,33.0
4215,62.0,34.0
4216,62.0,35.0
4217,62.0,38.0
4218,62.0,41.0
4219,62.0,43.0
4220,62.0,46.0
4221,62.0,47.0
4222,62.0,50.0
4223,62.0,51.0
4224,62.0,52.0
4225,62.0,53.0
4226,62.0,54.0
4227,62.0,55.0
4228,62.0,56.0
4229,62.0,57.0
4230,62.0,58.0
4231,63.0,26.0
4232,63.0,27.0
4233,63.0,29.0
4234,63.0,32.0
4235,63.0,33.0
4236,63.0,35.0
4237,63.0,36.0
4238,63.0,42.0
4239,63.0,45.0
4240,63.0,46.0
4241,63.0,53.0
4242,63.0,54.0
4243,63.0,56.0
4244,63.0,57.0
4245,64.0,26.0
4246,64.0,27.0
4247,64.0,31.0
4248,64.0,34.0
4249,64.0,35.0
4250,64.0,39.0
4251,64.0,40.0
4252,64.0,45.0
4253,64.0,50.0
4254,64.0,52.0
4255,64.0,53.0
4256,64.0,54.0
4257,64.0,55.0
4258,64.0,56.0
4259,64.0,57.0
4260,64.0,58.0
4261,64.0,59.0
4262,65.0,27.0
4263,65.0,32.0
4264,65.0,33.0
4265,65.0,35.0
4266,65.0,36.0
4267,65.0,37.0
4268,65.0,38.0
4269,65.0,39.0
4270,65.0,40.0
4271,65.0,45.0
4272,65.0,50.0
4273,65.0,51.0
4274,65.0,52.0
4275,65.0,53.0
4276,65.0,54.0
4277,65.0,55.0
4278,65.0,56.0
4279,65.0,57.0
4280,66.0,27.0
4281,66.0,28.0
4282,66.0,31.0
4283,66.0,32.0
4284,66.0,33.0
4285,66.0,36.0
4286,66.0,37.0
4287,66.0,38.0
4288,66.0,39.0
4289,66.0,40.0
4290,66.0,45.0
4291,66.0,47.0
4292,66.0,50.0
4293,66.0,51.0
4294,66.0,52.0
4295,66.0,53.0
4296,66.0,54.0
4297,66.0,55.0
4298,66.0,56.0
4299,66.0,57.0
4300,66.0,58.0
4301,67.0,25.0
4302,67.0,26.0
4303,67.0,28.0
4304,67.0,30.0
4305,67.0,31.0
4306,67.0,32.0
4307,67.0,33.0
4308,67.0,35.0
4309,67.0,36.0
4310,67.0,37.0
4311,67.0,38.0
4312,67.0,39.0
4313,67.0,40.0
4314,67.0,44.0
4315,67.0,45.0
4316,67.0,47.0
4317,67.0,48.0
4318,67.0,50.0
4319,67.0,51.0
4320,67.0,52.0
4321,67.0,53.0
4322,67.0,54.0
4323,67.0,55.0
4324,67.0,56.0
4325,67.0,58.0
4326,68.0,25.0
4327,68.0,26.0
4328,68.0,27.0
4329,68.0,28.0
4330,68.0,29.0
4331,68.0,31.0
4332,68.0,32.0
4333,68.0,33.0
4334,68.0,34.0
4335,68.0,36.0
4336,68.0,37.0
4337,68.0,38.0
4338,68.0,40.0
4339,68.0,41.0
4340,68.0,42.0
4341,68.0,43.0
4342,68.0,45.0
4343,68.0,48.0
4344,68.0,51.0
4345,68.0,52.0
4346,68.0,53.0
4347,68.0,54.0
4348,68.0,55.0
4349,68.0,56.0
4350,68.0,57.0
4351,68.0,58.0
4352,69.0,23.0
4353,69.0,25.0
4354,69.0,26.0
4355,69.0,27.0
4356,69.0,28.0
4357,69.0,30.0
4358,69.0,31.0
4359,69.0,33.0
4360,69.0,34.0
4361,69.0,36.0
4362,69.0,37.0
4363,69.0,40.0
4364,69.0,41.0
4365,69.0,42.0
4366,69.0,43.0
4367,69.0,44.0
4368,69.0,48.0
4369,69.0,51.0
4370,69.0,52.0
4371,69.0,53.0
4372,69.0,54.0
4373,69.0,55.0
4374,69.0,56.0
4375,69.0,57.0
4376,69.0,58.0
4377,70.0,22.0
4378,70.0,23.0
4379,70.0,25.0
4380,70.0,28.0
4381,70.0,29.0
4382,70.0,30.0
4383,70.0,31.0
4384,70.0,32.0
4385,70.0,33.0
4386,70.0,37.0
4387,70.0,38.0
4388,70.0,40.0
4389,70.0,41.0
4390,70.0,42.0
4391,70.0,43.0
4392,70.0,44.0
4393,70.0,48.0
4394,70.0,51.0
4395,70.0,52.0
4396,70.0,53.0
4397,70.0,54.0
4398,70.0,55.0
4399,70.0,56.0
4400,70.0,57.0
4401,70.0,58.0
4402,71.0,21.0
4403,71.0,22.0
4404,71.0,23.0
4405,71.0,24.0
4406,71.0,25.0
4407,71.0,26.0
4408,71.0,27.0
4409,71.0,28.0
4410,71.0,29.0
4411,71.0,30.0
4412,71.0,31.0
4413,71.0,32.0
4414,71.0,33.0
4415,71.0,34.0
4416,71.0,40.0
4417,71.0,41.0
4418,71.0,43.0
4419,71.0,45.0
4420,71.0,48.0
4421,71.0,49.0
4422,71.0,50.0
4423,71.0,51.0
4424,71.0,52.0
4425,71.0,53.0
4426,71.0,54.0
4427,71.0,55.0
4428,71.0,56.0
4429,71.0,57.0
4430,72.0,22.0
4431,72.0,23.0
4432,72.0,24.0
4433,72.0,25.0
4434,72.0,26.0
4435,72.0,27.0
4436,72.0,28.0
4437,72.0,30.0
4438,72.0,31.0
4439,72.0,32.0
4440,72.0,33.0
4441,72.0,37.0
4442,72.0,41.0
4443,72.0,42.0
4444,72.0,43.0
4445,72.0,49.0
4446,72.0,50.0
4447,72.0,51.0
4448,72.0,52.0
4449,72.0,53.0
4450,72.0,54.0
4451,72.0,55.0
4452,72.0,56.0
4453,73.0,20.0
4454,73.0,21.0
4455,73.0,22.0
4456,73.0,23.0
4457,73.0,24.0
4458,73.0,25.0
4459,73.0,26.0
4460,73.0,27.0
4461,73.0,28.0
4462,73.0,29.0
4463,73.0,30.0
4464,73.0,31.0
4465,73.0,32.0
4466,73.0,33.0
4467,73.0,34.0
4468,73.0,41.0
4469,73.0,42.0
4470,73.0,43.0
4471,73.0,48.0
4472,73.0,49.0
4473,73.0,50.0
4474,73.0,51.0
4475,73.0,52.0
4476,73.0,54.0
4477,73.0,55.0
4478,73.0,56.0
4479,73.0,57.0
4480,74.0,16.0
4481,74.0,17.0
4482,74.0,18.0
4483,74.0,19.0
4484,74.0,20.0
4485,74.0,21.0
4486,74.0,22.0
4487,74.0,23.0
4488,74.0,24.0
4489,74.0,25.0
4490,74.0,26.0
4491,74.0,27.0
4492,74.0,28.0
4493,74.0,29.0
4494,74.0,30.0
4495,74.0,31.0
4496,74.0,32.0
4497,74.0,33.0
4498,74.0,36.0
4499,74.0,38.0
4500,74.0,41.0
4501,74.0,43.0
4502,74.0,44.0
4503,74.0,45.0
4504,74.0,49.0
4505,74.0,50.0
4506,74.0,51.0
4507,74.0,52.0
4508,74.0,54.0
4509,74.0,55.0
4510,74.0,56.0
4511,74.0,57.0
4512,75.0,13.0
4513,75.0,14.0
4514,75.0,15.0
4515,75.0,16.0
4516,75.0,17.0
4517,75.0,18.0
4518,75.0,19.0
4519,75.0,20.0
4520,75.0,21.0
4521,75.0,22.0
4522,75.0,23.0
4523,75.0,24.0
4524,75.0,25.0
4525,75.0,26.0
4526,75.0,27.0
4527,75.0,28.0
4528,75.0,29.0
4529,75.0,30.0
4530,75.0,31.0
4531,75.0,32.0
4532,75.0,34.0
4533,75.0,38.0
4534,75.0,39.0
4535,75.0,43.0
4536,75.0,45.0
4537,75.0,46.0
4538,75.0,47.0
4539,75.0,50.0
4540,75.0,51.0
4541,75.0,52.0
4542,75.0,53.0
4543,75.0,54.0
4544,75.0,55.0
4545,75.0,56.0
4546,75.0,57.0
4547,76.0,11.0
4548,76.0,12.0
4549,76.0,13.0
4550,76.0,14.0
4551,76.0,15.0
4552,76.0,16.0
4553,76.0,17.0
4554,76.0,18.0
4555,76.0,19.0
4556,76.0,20.0
4557,76.0,21.0
4558,76.0,22.0
4559,76.0,23.0
4560,76.0,24.0
4561,76.0,25.0
4562,76.0,26.0
4563,76.0,27.0
4564,76.0,28.0
4565,76.0,29.0
4566,76.0,30.0
4567,76.0,31.0
4568,76.0,34.0
4569,76.0,39.0
4570,76.0,40.0
4571,76.0,43.0
4572,76.0,44.0
4573,76.0,45.0
4574,76.0,48.0
4575,76.0,49.0
4576,76.0,50.0
4577,76.0,52.0
4578,76.0,53.0
4579,76.0,54.0
4580,76.0,55.0
4581,76.0,56.0
4582,76.0,57.0
4583,76.0,59.0
4584,77.0,9.0
4585,77.0,12.0
4586,77.0,13.0
4587,77.0,14.0
4588,77.0,15.0
4589,77.0,16.0
4590,77.0,17.0
4591,77.0,18.0
4592,77.0,19.0
4593,77.0,20.0
4594,77.0,21.0
4595,77.0,22.0
4596,77.0,23.0
4597,77.0,24.0
4598,77.0,25.0
4599,77.0,26.0
4600,77.0,27.0
4601,77.0,28.0
4602,77.0,30.0
4603,77.0,31.0
4604,77.0,38.0
4605,77.0,39.0
4606,77.0,42.0
4607,77.0,44.0
4608,77.0,50.0
4609,77.0,51.0
4610,77.0,52.0
4611,77.0,53.0
4612,77.0,54.0
4613,77.0,55.0
4614,77.0,56.0
4615,77.0,57.0
4616,77.0,59.0
4617,78.0,9.0
4618,78.0,10.0
4619,78.0,11.0
4620,78.0,12.0
4621,78.0,13.0
4622,78.0,14.0
4623,78.0,15.0
4624,78.0,16.0
4625,78.0,17.0
4626,78.0,18.0
4627,78.0,19.0
4628,78.0,20.0
4629,78.0,21.0
4630,78.0,22.0
4631,78.0,23.0
4632,78.0,24.0
4633,78.0,25.0
4634,78.0,26.0
4635,78.0,27.0
4636,78.0,28.0
4637,78.0,29.0
4638,78.0,30.0
4639,78.0,39.0
4640,78.0,44.0
4641,78.0,45.0
4642,78.0,48.0
4643,78.0,49.0
4644,78.0,51.0
4645,78.0,52.0
4646,78.0,53.0
4647,78.0,54.0
4648,79.0,10.0
4649,79.0,11.0
4650,79.0,12.0
4651,79.0,13.0
4652,79.0,14.0
4653,79.0,15.0
4654,79.0,17.0
4655,79.0,18.0
4656,79.0,19.0
4657,79.0,20.0
4658,79.0,21.0
4659,79.0,22.0
4660,79.0,23.0
4661,79.0,24.0
4662,79.0,25.0
4663,79.0,26.0
4664,79.0,27.0
4665,79.0,28.0
4666,79.0,29.0
4667,79.0,30.0
4668,79.0,37.0
4669,79.0,40.0
4670,79.0,41.0
4671,79.0,43.0
4672,79.0,46.0
4673,79.0,47.0
4674,79.0,48.0
4675,79.0,49.0
4676,79.0,51.0
4677,79.0,53.0
4678,79.0,54.0
4679,79.0,55.0
4680,79.0,56.0
4681,80.0,7.0
4682,80.0,8.0
4683,80.0,9.0
4684,80.0,14.0
4685,80.0,15.0
4686,80.0,16.0
4687,80.0,17.0
4688,80.0,18.0
4689,80.0,19.0
4690,80.0,20.0
4691,80.0,21.0
4692,80.0,22.0
4693,80.0,23.0
4694,80.0,24.0
4695,80.0,25.0
4696,80.0,26.0
4697,80.0,27.0
4698,80.0,28.0
4699,80.0,29.0
4700,80.0,37.0
4701,80.0,41.0
4702,80.0,43.0
4703,80.0,44.0
4704,80.0,46.0
4705,80.0,47.0
4706,80.0,48.0
4707,80.0,49.0
4708,80.0,50.0
4709,80.0,51.0
4710,80.0,52.0
4711,80.0,53.0
4712,80.0,54.0
4713,80.0,55.0
4714,81.0,7.0
4715,81.0,8.0
4716,81.0,16.0
4717,81.0,17.0
4718,81.0,18.0
4719,81.0,19.0
4720,81.0,20.0
4721,81.0,21.0
4722,81.0,22.0
4723,81.0,23.0
4724,81.0,24.0
4725,81.0,25.0
4726,81.0,26.0
4727,81.0,27.0
4728,81.0,28.0
4729,81.0,37.0
4730,81.0,41.0
4731,81.0,43.0
4732,81.0,44.0
4733,81.0,45.0
4734,81.0,46.0
4735,81.0,47.0
4736,81.0,48.0
4737,81.0,49.0
4738,81.0,50.0
4739,81.0,51.0
4740,81.0,52.0
4741,81.0,53.0
4742,81.0,54.0
4743,81.0,55.0
4744,81.0,59.0
4745,82.0,17.0
4746,82.0,19.0
4747,82.0,20.0
4748,82.0,21.0
4749,82.0,22.0
4750,82.0,23.0
4751,82.0,24.0
4752,82.0,25.0
4753,82.0,26.0
4754,82.0,27.0
4755,82.0,28.0
4756,82.0,37.0
4757,82.0,42.0
4758,82.0,43.0
4759,82.0,44.0
4760,82.0,45.0
4761,82.0,47.0
4762,82.0,48.0
4763,82.0,50.0
4764,82.0,51.0
4765,82.0,52.0
4766,82.0,53.0
4767,82.0,54.0
4768,82.0,55.0
4769,82.0,57.0
4770,82.0,59.0
4771,83.0,18.0
4772,83.0,19.0
4773,83.0,20.0
4774,83.0,21.0
4775,83.0,22.0
4776,83.0,23.0
4777,83.0,24.0
4778,83.0,25.0
4779,83.0,26.0
4780,83.0,27.0
4781,83.0,37.0
4782,83.0,41.0
4783,83.0,42.0
4784,83.0,47.0
4785,83.0,49.0
4786,83.0,52.0
4787,83.0,53.0
4788,83.0,55.0
4789,83.0,58.0
4790,84.0,20.0
4791,84.0,21.0
4792,84.0,22.0
4793,84.0,23.0
4794,84.0,24.0
4795,84.0,25.0
4796,84.0,26.0
4797,84.0,27.0
4798,84.0,28.0
4799,84.0,31.0
4800,84.0,42.0
4801,84.0,43.0
4802,84.0,45.0
4803,84.0,46.0
4804,84.0,47.0
4805,84.0,49.0
4806,84.0,52.0
4807,84.0,53.0
4808,84.0,54.0
4809,84.0,55.0
4810,84.0,56.0
4811,84.0,57.0
4812,84.0,58.0
4813,85.0,20.0
4814,85.0,21.0
4815,85.0,22.0
4816,85.0,23.0
4817,85.0,24.0
4818,85.0,25.0
4819,85.0,26.0
4820,85.0,27.0
4821,85.0,32.0
4822,85.0,43.0
4823,85.0,45.0
4824,85.0,48.0
4825,85.0,50.0
4826,85.0,51.0
4827,85.0,52.0
4828,85.0,53.0
4829,85.0,54.0
4830,85.0,55.0
4831,85.0,56.0
4832,85.0,58.0
4833,86.0,20.0
4834,86.0,21.0
4835,86.0,22.0
4836,86.0,23.0
4837,86.0,24.0
4838,86.0,25.0
4839,86.0,26.0
4840,86.0,27.0
4841,86.0,31.0
4842,86.0,32.0
4843,86.0,43.0
4844,86.0,44.0
4845,86.0,45.0
4846,86.0,47.0
4847,86.0,48.0
4848,86.0,50.0
4849,86.0,51.0
4850,86.0,52.0
4851,86.0,53.0
4852,86.0,55.0
4853,86.0,57.0
4854,86.0,59.0
4855,87.0,22.0
4856,87.0,23.0
4857,87.0,24.0
4858,87.0,25.0
4859,87.0,26.0
4860,87.0,28.0
4861,87.0,30.0
4862,87.0,32.0
4863,87.0,33.0
4864,87.0,39.0
4865,87.0,41.0
4866,87.0,44.0
4867,87.0,48.0
4868,87.0,54.0
4869,87.0,57.0
4870,88.0,22.0
4871,88.0,23.0
4872,88.0,24.0
4873,88.0,25.0
4874,88.0,26.0
4875,88.0,28.0
4876,88.0,30.0
4877,88.0,31.0
4878,88.0,32.0
4879,88.0,33.0
4880,88.0,39.0
4881,88.0,43.0
4882,88.0,44.0
4883,88.0,47.0
4884,88.0,48.0
4885,88.0,54.0
4886,88.0,56.0
4887,89.0,22.0
4888,89.0,23.0
4889,89.0,24.0
4890,89.0,25.0
4891,89.0,26.0
4892,89.0,43.0
4893,89.0,44.0
4894,89.0,45.0
4895,89.0,49.0
4896,89.0,50.0
4897,89.0,55.0
4898,89.0,56.0
4899,90.0,22.0
4900,90.0,23.0
4901,90.0,24.0
4902,90.0,25.0
4903,90.0,26.0
4904,90.0,30.0
4905,90.0,33.0
4906,90.0,43.0
4907,90.0,44.0
4908,90.0,46.0
4909,90.0,47.0
4910,90.0,48.0
4911,90.0,49.0
4912,90.0,50.0
4913,90.0,51.0
4914,90.0,52.0
4915,90.0,53.0
4916,90.0,55.0
4917,90.0,56.0
4918,91.0,23.0
4919,91.0,24.0
4920,91.0,25.0
4921,91.0,26.0
4922,91.0,29.0
4923,91.0,46.0
4924,91.0,49.0
4925,91.0,51.0
4926,91.0,53.0
4927,91.0,54.0
4928,91.0,55.0
4929,91.0,56.0
4930,92.0,23.0
4931,92.0,24.0
4932,92.0,25.0
4933,92.0,26.0
4934,92.0,34.0
4935,92.0,47.0
4936,92.0,49.0
4937,92.0,50.0
4938,92.0,54.0
4939,93.0,13.0
4940,93.0,21.0
4941,93.0,26.0
4942,93.0,34.0
4943,93.0,35.0
4944,93.0,37.0
4945,93.0,40.0
4946,93.0,43.0
4947,93.0,44.0
4948,93.0,47.0
4949,93.0,48.0
4950,93.0,52.0
4951,93.0,54.0
4952,94.0,7.0
4953,94.0,20.0
4954,94.0,22.0
4955,94.0,23.0
4956,94.0,25.0
4957,94.0,27.0
4958,94.0,33.0
4959,94.0,39.0
4960,94.0,40.0
4961,94.0,43.0
4962,94.0,44.0
4963,94.0,47.0
4964,94.0,48.0
4965,94.0,50.0
4966,94.0,52.0
4967,94.0,55.0
4968,94.0,58.0
4969,95.0,16.0
4970,95.0,17.0
4971,95.0,18.0
4972,95.0,19.0
4973,95.0,20.0
4974,95.0,21.0
4975,95.0,22.0
4976,95.0,23.0
4977,95.0,25.0
4978,95.0,27.0
4979,95.0,33.0
4980,95.0,34.0
4981,95.0,35.0
4982,95.0,38.0
4983,95.0,40.0
4984,95.0,41.0
4985,95.0,42.0
4986,95.0,43.0
4987,95.0,44.0
4988,95.0,46.0
4989,95.0,49.0
4990,95.0,51.0
4991,95.0,56.0
4992,96.0,17.0
4993,96.0,18.0
4994,96.0,20.0
4995,96.0,21.0
4996,96.0,22.0
4997,96.0,23.0
4998,96.0,24.0
4999,96.0,35.0
5000,96.0,39.0
5001,96.0,41.0
5002,96.0,42.0
5003,96.0,47.0
5004,96.0,48.0
5005,96.0,49.0
5006,97.0,18.0
5007,97.0,20.0
5008,97.0,21.0
5009,97.0,22.0
5010,97.0,33.0
5011,97.0,34.0
5012,97.0,37.0
5013,97.0,40.0
5014,97.0,45.0
5015,97.0,46.0
5016,97.0,47.0
5017,97.0,49.0
5018,98.0,15.0
5019,98.0,16.0
5020,98.0,17.0
5021,98.0,19.0
5022,98.0,21.0
5023,98.0,22.0
5024,98.0,24.0
5025,98.0,33.0
5026,98.0,35.0
5027,98.0,37.0
5028,98.0,40.0
5029,98.0,45.0
5030,98.0,46.0
5031,98.0,47.0
5032,98.0,56.0
5033,98.0,57.0
5034,99.0,2.0
5035,99.0,8.0
5036,99.0,9.0
5037,99.0,10.0
5038,99.0,12.0
5039,99.0,14.0
5040,99.0,17.0
5041,99.0,18.0
5042,99.0,19.0
5043,99.0,25.0
5044,99.0,26.0
5045,99.0,28.0
5046,99.0,32.0
5047,99.0,33.0
5048,99.0,34.0
5049,99.0,38.0
5050,99.0,40.0
5051,99.0,43.0
5052,99.0,46.0
5053,99.0,47.0
5054,99.0,48.0
5055,99.0,49.0
5056,99.0,55.0
5057,100.0,8.0
5058,100.0,13.0
5059,100.0,14.0
5060,100.0,15.0
5061,100.0,16.0
5062,100.0,17.0
5063,100.0,18.0
5064,100.0,19.0
5065,100.0,20.0
5066,100.0,23.0
5067,100.0,30.0
5068,100.0,36.0
5069,100.0,39.0
5070,100.0,41.0
5071,100.0,45.0
5072,100.0,46.0
5073,100.0,47.0
5074,100.0,48.0
5075,100.0,49.0
5076,100.0,50.0
5077,100.0,53.0
5078,100.0,54.0
5079,100.0,56.0
5080,101.0,-2.0
5081,101.0,0.0
5082,101.0,1.0
5083,101.0,13.0
5084,101.0,14.0
5085,101.0,15.0
5086,101.0,16.0
5087,101.0,18.0
5088,101.0,23.0
5089,101.0,27.0
5090,101.0,36.0
5091,101.0,37.0
5092,101.0,38.0
5093,101.0,39.0
5094,101.0,42.0
5095,101.0,46.0
5096,101.0,48.0
5097,101.0,49.0
5098,101.0,52.0
5099,101.0,55.0
5100,102.0,-1.0
5101,102.0,0.0
5102,102.0,1.0
5103,102.0,5.0
5104,102.0,6.0
5105,102.0,13.0
5106,102.0,14.0
5107,102.0,15.0
5108,102.0,16.0
5109,102.0,17.0
5110,102.0,24.0
5111,102.0,25.0
5112,102.0,26.0
5113,102.0,33.0
5114,102.0,34.0
5115,102.0,36.0
5116,102.0,37.0
5117,102.0,38.0
5118,102.0,39.0
5119,102.0,43.0
5120,102.0,45.0
5121,102.0,46.0
5122,102.0,47.0
5123,102.0,48.0
5124,102.0,54.0
5125,102.0,56.0
5126,103.0,-3.0
5127,103.0,-2.0
5128,103.0,-1.0
5129,103.0,2.0
5130,103.0,3.0
5131,103.0,4.0
5132,103.0,13.0
5133,103.0,14.0
5134,103.0,15.0
5135,103.0,16.0
5136,103.0,17.0
5137,103.0,18.0
5138,103.0,23.0
5139,103.0,30.0
5140,103.0,33.0
5141,103.0,35.0
5142,103.0,36.0
5143,103.0,37.0
5144,103.0,38.0
5145,103.0,43.0
5146,103.0,46.0
5147,103.0,47.0
5148,103.0,48.0
5149,103.0,49.0
5150,103.0,51.0
5151,103.0,53.0
5152,103.0,54.0
5153,103.0,56.0
5154,103.0,58.0
5155,104.0,-5.0
5156,104.0,-3.0
5157,104.0,-2.0
5158,104.0,-1.0
5159,104.0,1.0
5160,104.0,10.0
5161,104.0,12.0
5162,104.0,14.0
5163,104.0,15.0
5164,104.0,16.0
5165,104.0,17.0
5166,104.0,18.0
5167,104.0,24.0
5168,104.0,25.0
5169,104.0,26.0
5170,104.0,27.0
5171,104.0,29.0
5172,104.0,30.0
5173,104.0,31.0
5174,104.0,36.0
5175,104.0,37.0
5176,104.0,39.0
5177,104.0,43.0
5178,104.0,44.0
5179,104.0,45.0
5180,104.0,46.0
5181,104.0,47.0
5182,104.0,48.0
5183,104.0,49.0
5184,104.0,51.0
5185,104.0,53.0
5186,104.0,57.0
5187,105.0,-5.0
5188,105.0,-4.0
5189,105.0,9.0
5190,105.0,11.0
5191,105.0,12.0
5192,105.0,13.0
5193,105.0,14.0
5194,105.0,15.0
5195,105.0,16.0
5196,105.0,17.0
5197,105.0,19.0
5198,105.0,21.0
5199,105.0,22.0
5200,105.0,26.0
5201,105.0,27.0
5202,105.0,28.0
5203,105.0,29.0
5204,105.0,30.0
5205,105.0,31.0
5206,105.0,32.0
5207,105.0,35.0
5208,105.0,36.0
5209,105.0,37.0
5210,105.0,40.0
5211,105.0,45.0
5212,105.0,46.0
5213,105.0,47.0
5214,105.0,48.0
5215,105.0,49.0
5216,105.0,50.0
5217,105.0,53.0
5218,106.0,-6.0
5219,106.0,-3.0
5220,106.0,-2.0
5221,106.0,10.0
5222,106.0,11.0
5223,106.0,12.0
5224,106.0,13.0
5225,106.0,14.0
5226,106.0,15.0
5227,106.0,16.0
5228,106.0,17.0
5229,106.0,20.0
5230,106.0,21.0
5231,106.0,25.0
5232,106.0,27.0
5233,106.0,28.0
5234,106.0,29.0
5235,106.0,30.0
5236,106.0,31.0
5237,106.0,32.0
5238,106.0,35.0
5239,106.0,36.0
5240,106.0,37.0
5241,106.0,38.0
5242,106.0,44.0
5243,106.0,46.0
5244,106.0,47.0
5245,106.0,48.0
5246,106.0,49.0
5247,106.0,50.0
5248,106.0,53.0
5249,106.0,54.0
5250,107.0,-6.0
5251,107.0,11.0
5252,107.0,12.0
5253,107.0,13.0
5254,107.0,17.0
5255,107.0,22.0
5256,107.0,23.0
5257,107.0,26.0
5258,107.0,27.0
5259,107.0,30.0
5260,107.0,31.0
5261,107.0,33.0
5262,107.0,35.0
5263,107.0,36.0
5264,107.0,37.0
5265,107.0,38.0
5266,107.0,39.0
5267,107.0,40.0
5268,107.0,41.0
5269,107.0,44.0
5270,107.0,46.0
5271,107.0,47.0
5272,107.0,48.0
5273,107.0,50.0
5274,107.0,51.0
5275,107.0,56.0
5276,108.0,-7.0
5277,108.0,-3.0
5278,108.0,11.0
5279,108.0,12.0
5280,108.0,13.0
5281,108.0,14.0
5282,108.0,22.0
5283,108.0,23.0
5284,108.0,24.0
5285,108.0,25.0
5286,108.0,27.0
5287,108.0,28.0
5288,108.0,31.0
5289,108.0,35.0
5290,108.0,36.0
5291,108.0,37.0
5292,108.0,38.0
5293,108.0,39.0
5294,108.0,41.0
5295,108.0,44.0
5296,108.0,47.0
5297,108.0,50.0
5298,108.0,52.0
5299,108.0,58.0
5300,109.0,-7.0
5301,109.0,1.0
5302,109.0,13.0
5303,109.0,14.0
5304,109.0,19.0
5305,109.0,22.0
5306,109.0,23.0
5307,109.0,24.0
5308,109.0,25.0
5309,109.0,27.0
5310,109.0,28.0
5311,109.0,30.0
5312,109.0,35.0
5313,109.0,36.0
5314,109.0,37.0
5315,109.0,38.0
5316,109.0,39.0
5317,109.0,40.0
5318,109.0,41.0
5319,109.0,42.0
5320,109.0,46.0
5321,109.0,47.0
5322,109.0,51.0
5323,109.0,52.0
5324,110.0,-7.0
5325,110.0,-1.0
5326,110.0,1.0
5327,110.0,21.0
5328,110.0,22.0
5329,110.0,23.0
5330,110.0,25.0
5331,110.0,27.0
5332,110.0,28.0
5333,110.0,29.0
5334,110.0,33.0
5335,110.0,34.0
5336,110.0,35.0
5337,110.0,36.0
5338,110.0,37.0
5339,110.0,38.0
5340,110.0,39.0
5341,110.0,40.0
5342,110.0,41.0
5343,110.0,42.0
5344,110.0,45.0
5345,110.0,47.0
5346,110.0,48.0
5347,110.0,49.0
5348,110.0,52.0
5349,110.0,54.0
5350,111.0,-7.0
5351,111.0,0.0
5352,111.0,22.0
5353,111.0,23.0
5354,111.0,26.0
5355,111.0,27.0
5356,111.0,31.0
5357,111.0,33.0
5358,111.0,34.0
5359,111.0,35.0
5360,111.0,36.0
5361,111.0,37.0
5362,111.0,38.0
5363,111.0,39.0
5364,111.0,40.0
5365,111.0,41.0
5366,111.0,42.0
5367,111.0,52.0
5368,111.0,57.0
5369,112.0,-8.0
5370,112.0,-3.0
5371,112.0,0.0
5372,112.0,23.0
5373,112.0,24.0
5374,112.0,27.0
5375,112.0,28.0
5376,112.0,29.0
5377,112.0,30.0
5378,112.0,31.0
5379,112.0,32.0
5380,112.0,33.0
5381,112.0,34.0
5382,112.0,35.0
5383,112.0,36.0
5384,112.0,37.0
5385,112.0,38.0
5386,112.0,39.0
5387,112.0,40.0
5388,112.0,42.0
5389,112.0,47.0
5390,112.0,48.0
5391,112.0,49.0
5392,112.0,52.0
5393,112.0,53.0
5394,113.0,-7.0
5395,113.0,-2.0
5396,113.0,22.0
5397,113.0,23.0
5398,113.0,26.0
5399,113.0,27.0
5400,113.0,28.0
5401,113.0,29.0
5402,113.0,30.0
5403,113.0,32.0
5404,113.0,33.0
5405,113.0,34.0
5406,113.0,35.0
5407,113.0,36.0
5408,113.0,37.0
5409,113.0,38.0
5410,113.0,40.0
5411,113.0,41.0
5412,113.0,42.0
5413,113.0,47.0
5414,113.0,48.0
5415,113.0,52.0
5416,113.0,55.0
5417,114.0,-22.0
5418,114.0,-7.0
5419,114.0,1.0
5420,114.0,23.0
5421,114.0,25.0
5422,114.0,27.0
5423,114.0,28.0
5424,114.0,30.0
5425,114.0,31.0
5426,114.0,32.0
5427,114.0,34.0
5428,114.0,35.0
5429,114.0,36.0
5430,114.0,37.0
5431,114.0,38.0
5432,114.0,39.0
5433,114.0,40.0
5434,114.0,41.0
5435,114.0,42.0
5436,114.0,45.0
5437,114.0,47.0
5438,114.0,51.0
5439,114.0,52.0
5440,114.0,58.0
5441,115.0,-34.0
5442,115.0,-30.0
5443,115.0,-29.0
5444,115.0,-4.0
5445,115.0,-2.0
5446,115.0,5.0
5447,115.0,25.0
5448,115.0,27.0
5449,115.0,28.0
5450,115.0,30.0
5451,115.0,31.0
5452,115.0,32.0
5453,115.0,33.0
5454,115.0,34.0
5455,115.0,35.0
5456,115.0,36.0
5457,115.0,37.0
5458,115.0,38.0
5459,115.0,39.0
5460,115.0,40.0
5461,115.0,41.0
5462,115.0,42.0
5463,115.0,44.0
5464,115.0,47.0
5465,115.0,48.0
5466,115.0,51.0
5467,115.0,52.0
5468,116.0,-34.0
5469,116.0,-32.0
5470,116.0,-31.0
5471,116.0,-30.0
5472,116.0,-29.0
5473,116.0,-2.0
5474,116.0,23.0
5475,116.0,24.0
5476,116.0,25.0
5477,116.0,26.0
5478,116.0,27.0
5479,116.0,28.0
5480,116.0,29.0
5481,116.0,30.0
5482,116.0,32.0
5483,116.0,33.0
5484,116.0,34.0
5485,116.0,35.0
5486,116.0,36.0
5487,116.0,37.0
5488,116.0,38.0
5489,116.0,39.0
5490,116.0,42.0
5491,116.0,43.0
5492,116.0,44.0
5493,116.0,45.0
5494,116.0,48.0
5495,116.0,50.0
5496,116.0,51.0
5497,116.0,52.0
5498,117.0,-35.0
5499,117.0,-34.0
5500,117.0,-33.0
5501,117.0,-32.0
5502,117.0,-31.0
5503,117.0,-21.0
5504,117.0,-1.0
5505,117.0,0.0
5506,117.0,4.0
5507,117.0,24.0
5508,117.0,25.0
5509,117.0,27.0
5510,117.0,29.0
5511,117.0,31.0
5512,117.0,32.0
5513,117.0,33.0
5514,117.0,34.0
5515,117.0,35.0
5516,117.0,36.0
5517,117.0,37.0
5518,117.0,38.0
5519,117.0,39.0
5520,117.0,40.0
5521,117.0,41.0
5522,117.0,42.0
5523,117.0,43.0
5524,117.0,45.0
5525,117.0,49.0
5526,117.0,50.0
5527,117.0,52.0
5528,117.0,53.0
5529,118.0,-34.0
5530,118.0,-33.0
5531,118.0,-32.0
5532,118.0,-31.0
5533,118.0,-28.0
5534,118.0,-21.0
5535,118.0,1.0
5536,118.0,9.0
5537,118.0,29.0
5538,118.0,30.0
5539,118.0,31.0
5540,118.0,32.0
5541,118.0,33.0
5542,118.0,34.0
5543,118.0,35.0
5544,118.0,36.0
5545,118.0,37.0
5546,118.0,38.0
5547,118.0,40.0
5548,118.0,41.0
5549,118.0,42.0
5550,118.0,43.0
5551,118.0,44.0
5552,118.0,46.0
5553,118.0,48.0
5554,118.0,49.0
5555,118.0,50.0
5556,118.0,51.0
5557,118.0,58.0
5558,119.0,-34.0
5559,119.0,-33.0
5560,119.0,-31.0
5561,119.0,10.0
5562,119.0,26.0
5563,119.0,29.0
5564,119.0,31.0
5565,119.0,32.0
5566,119.0,33.0
5567,119.0,34.0
5568,119.0,35.0
5569,119.0,36.0
5570,119.0,37.0
5571,119.0,40.0
5572,119.0,41.0
5573,119.0,42.0
5574,119.0,43.0
5575,119.0,44.0
5576,119.0,48.0
5577,119.0,49.0
5578,119.0,50.0
5579,119.0,51.0
5580,119.0,53.0
5581,119.0,54.0
5582,119.0,57.0
5583,120.0,-22.0
5584,120.0,-21.0
5585,120.0,-10.0
5586,120.0,-4.0
5587,120.0,-3.0
5588,120.0,16.0
5589,120.0,29.0
5590,120.0,30.0
5591,120.0,31.0
5592,120.0,32.0
5593,120.0,33.0
5594,120.0,34.0
5595,120.0,36.0
5596,120.0,41.0
5597,120.0,42.0
5598,120.0,43.0
5599,120.0,44.0
5600,120.0,45.0
5601,120.0,47.0
5602,120.0,49.0
5603,120.0,50.0
5604,120.0,56.0
5605,121.0,-31.0
5606,121.0,14.0
5607,121.0,15.0
5608,121.0,16.0
5609,121.0,30.0
5610,121.0,31.0
5611,121.0,32.0
5612,121.0,37.0
5613,121.0,41.0
5614,121.0,42.0
5615,121.0,43.0
5616,121.0,44.0
5617,121.0,45.0
5618,121.0,46.0
5619,121.0,47.0
5620,121.0,48.0
5621,121.0,49.0
5622,121.0,57.0
5623,121.0,58.0
5624,122.0,-33.0
5625,122.0,-32.0
5626,122.0,17.0
5627,122.0,37.0
5628,122.0,40.0
5629,122.0,41.0
5630,122.0,42.0
5631,122.0,43.0
5632,122.0,44.0
5633,122.0,45.0
5634,122.0,46.0
5635,122.0,47.0
5636,122.0,53.0
5637,122.0,54.0
5638,123.0,-22.0
5639,123.0,10.0
5640,123.0,40.0
5641,123.0,41.0
5642,123.0,42.0
5643,123.0,43.0
5644,123.0,44.0
5645,123.0,45.0
5646,123.0,46.0
5647,123.0,47.0
5648,123.0,48.0
5649,123.0,49.0
5650,123.0,53.0
5651,124.0,-18.0
5652,124.0,-10.0
5653,124.0,8.0
5654,124.0,11.0
5655,124.0,40.0
5656,124.0,42.0
5657,124.0,43.0
5658,124.0,44.0
5659,124.0,46.0
5660,124.0,47.0
5661,124.0,48.0
5662,124.0,49.0
5663,124.0,50.0
5664,124.0,51.0
5665,124.0,53.0
5666,124.0,54.0
5667,125.0,-9.0
5668,125.0,6.0
5669,125.0,8.0
5670,125.0,11.0
5671,125.0,12.0
5672,125.0,40.0
5673,125.0,42.0
5674,125.0,43.0
5675,125.0,44.0
5676,125.0,45.0
5677,125.0,46.0
5678,125.0,47.0
5679,125.0,48.0
5680,125.0,49.0
5681,125.0,50.0
5682,125.0,54.0
5683,125.0,57.0
5684,126.0,-19.0
5685,126.0,-9.0
5686,126.0,8.0
5687,126.0,38.0
5688,126.0,39.0
5689,126.0,40.0
5690,126.0,43.0
5691,126.0,44.0
5692,126.0,46.0
5693,126.0,47.0
5694,126.0,48.0
5695,126.0,49.0
5696,126.0,50.0
5697,126.0,51.0
5698,126.0,53.0
5699,127.0,-32.0
5700,127.0,36.0
5701,127.0,37.0
5702,127.0,38.0
5703,127.0,42.0
5704,127.0,43.0
5705,127.0,45.0
5706,127.0,46.0
5707,127.0,47.0
5708,127.0,48.0
5709,127.0,49.0
5710,127.0,50.0
5711,127.0,51.0
5712,128.0,-20.0
5713,128.0,-17.0
5714,128.0,35.0
5715,128.0,37.0
5716,128.0,45.0
5717,128.0,46.0
5718,128.0,47.0
5719,128.0,48.0
5720,128.0,50.0
5721,128.0,51.0
5722,128.0,52.0
5723,128.0,53.0
5724,128.0,54.0
5725,128.0,58.0
5726,129.0,-26.0
5727,129.0,36.0
5728,129.0,44.0
5729,129.0,46.0
5730,129.0,48.0
5731,129.0,49.0
5732,129.0,50.0
5733,129.0,51.0
5734,129.0,53.0
5735,130.0,43.0
5736,130.0,45.0
5737,130.0,46.0
5738,130.0,47.0
5739,130.0,49.0
5740,130.0,50.0
5741,130.0,57.0
5742,131.0,-13.0
5743,131.0,32.0
5744,131.0,44.0
5745,131.0,47.0
5746,131.0,48.0
5747,131.0,56.0
5748,132.0,-23.0
5749,132.0,44.0
5750,132.0,45.0
5751,132.0,46.0
5752,132.0,47.0
5753,132.0,48.0
5754,132.0,49.0
5755,132.0,50.0
5756,132.0,51.0
5757,133.0,-32.0
5758,133.0,-24.0
5759,133.0,-15.0
5760,133.0,-4.0
5761,133.0,-3.0
5762,133.0,-2.0
5763,133.0,33.0
5764,133.0,34.0
5765,133.0,45.0
5766,133.0,46.0
5767,133.0,47.0
5768,133.0,48.0
5769,134.0,-32.0
5770,134.0,-30.0
5771,134.0,-15.0
5772,134.0,-12.0
5773,134.0,47.0
5774,134.0,48.0
5775,135.0,-33.0
5776,135.0,-29.0
5777,135.0,-22.0
5778,135.0,35.0
5779,135.0,48.0
5780,135.0,49.0
5781,136.0,-34.0
5782,136.0,-33.0
5783,136.0,-13.0
5784,136.0,-1.0
5785,136.0,35.0
5786,136.0,49.0
5787,136.0,50.0
5788,137.0,-36.0
5789,137.0,-35.0
5790,137.0,50.0
5791,137.0,51.0
5792,138.0,-34.0
5793,138.0,-33.0
5794,138.0,-21.0
5795,138.0,-20.0
5796,138.0,-4.0
5797,138.0,-3.0
5798,138.0,36.0
5799,139.0,-35.0
5800,139.0,-34.0
5801,139.0,-33.0
5802,139.0,-18.0
5803,139.0,-8.0
5804,139.0,37.0
5805,140.0,-37.0
5806,140.0,-36.0
5807,140.0,-35.0
5808,140.0,-34.0
5809,140.0,-28.0
5810,140.0,-23.0
5811,140.0,36.0
5812,140.0,37.0
5813,140.0,38.0
5814,140.0,39.0
5815,140.0,40.0
5816,140.0,49.0
5817,140.0,52.0
5818,140.0,53.0
5819,140.0,54.0
5820,141.0,-37.0
5821,141.0,-36.0
5822,141.0,-34.0
5823,141.0,-21.0
5824,141.0,-9.0
5825,141.0,-8.0
5826,141.0,-7.0
5827,141.0,43.0
5828,141.0,52.0
5829,142.0,-38.0
5830,142.0,-37.0
5831,142.0,-36.0
5832,142.0,-35.0
5833,142.0,-34.0
5834,142.0,-17.0
5835,142.0,-12.0
5836,142.0,-9.0
5837,142.0,-4.0
5838,142.0,43.0
5839,142.0,44.0
5840,142.0,45.0
5841,142.0,49.0
5842,143.0,-38.0
5843,143.0,-37.0
5844,143.0,-36.0
5845,143.0,-35.0
5846,143.0,-31.0
5847,143.0,-14.0
5848,143.0,-9.0
5849,143.0,-4.0
5850,143.0,43.0
5851,143.0,50.0
5852,143.0,51.0
5853,143.0,52.0
5854,143.0,53.0
5855,144.0,-40.0
5856,144.0,-38.0
5857,144.0,-37.0
5858,144.0,-36.0
5859,144.0,-35.0
5860,144.0,-28.0
5861,144.0,-15.0
5862,145.0,-37.0
5863,145.0,-36.0
5864,145.0,-34.0
5865,145.0,-28.0
5866,145.0,-23.0
5867,145.0,-19.0
5868,145.0,-17.0
5869,145.0,43.0
5870,146.0,-38.0
5871,146.0,-37.0
5872,146.0,-36.0
5873,146.0,-35.0
5874,146.0,-34.0
5875,146.0,-30.0
5876,146.0,-27.0
5877,146.0,-20.0
5878,146.0,-19.0
5879,146.0,-18.0
5880,147.0,-42.0
5881,147.0,-38.0
5882,147.0,-36.0
5883,147.0,-35.0
5884,147.0,-34.0
5885,147.0,-33.0
5886,147.0,-32.0
5887,147.0,-30.0
5888,147.0,-20.0
5889,148.0,-42.0
5890,148.0,-40.0
5891,148.0,-36.0
5892,148.0,-35.0
5893,148.0,-34.0
5894,148.0,-33.0
5895,148.0,-32.0
5896,148.0,-30.0
5897,148.0,-27.0
5898,148.0,-24.0
5899,148.0,-23.0
5900,148.0,-22.0
5901,148.0,-21.0
5902,148.0,-20.0
5903,148.0,-10.0
5904,149.0,-37.0
5905,149.0,-36.0
5906,149.0,-35.0
5907,149.0,-34.0
5908,149.0,-33.0
5909,149.0,-32.0
5910,149.0,-31.0
5911,149.0,-30.0
5912,149.0,-29.0
5913,149.0,-27.0
5914,149.0,-26.0
5915,149.0,-24.0
5916,149.0,-21.0
5917,150.0,-35.0
5918,150.0,-33.0
5919,150.0,-32.0
5920,150.0,-31.0
5921,150.0,-30.0
5922,150.0,-29.0
5923,150.0,-28.0
5924,150.0,-27.0
5925,150.0,-26.0
5926,150.0,-25.0
5927,150.0,-24.0
5928,150.0,-23.0
5929,150.0,9.0
5930,151.0,-34.0
5931,151.0,-32.0
5932,151.0,-30.0
5933,151.0,-29.0
5934,151.0,-28.0
5935,151.0,-27.0
5936,151.0,-26.0
5937,151.0,-25.0
5938,151.0,-24.0
5939,152.0,-32.0
5940,152.0,-29.0
5941,152.0,-28.0
5942,152.0,-27.0
5943,152.0,-26.0
5944,152.0,-25.0
5945,153.0,-31.0
5946,153.0,-29.0
5947,153.0,-28.0
5948,153.0,-26.0
5949,156.0,54.0
5950,157.0,52.0
5951,157.0,57.0
5952,160.0,59.0
5953,161.0,57.0
5954,162.0,58.0
5955,165.0,-21.0
5956,168.0,-46.0
5957,168.0,-29.0
5958,169.0,-46.0
5959,170.0,-46.0
5960,170.0,-45.0
5961,171.0,-45.0
5962,173.0,-43.0
5963,173.0,-41.0
5964,174.0,-42.0
5965,174.0,-36.0
5966,175.0,-39.0
5967,175.0,-38.0
5968,175.0,-37.0
5969,176.0,-40.0
